[2026-03-14T15:21:10.554+0000] {manager.py:483} INFO - Processing files using up to 2 processes at a time 
[2026-03-14T15:21:10.555+0000] {manager.py:484} INFO - Process each file at most once every 30 seconds
[2026-03-14T15:21:10.556+0000] {manager.py:485} INFO - Checking for new files in /opt/airflow/dags every 300 seconds
[2026-03-14T15:21:10.557+0000] {manager.py:821} INFO - Searching for files in /opt/airflow/dags
[2026-03-14T15:21:10.584+0000] {manager.py:824} INFO - There are 1 files in /opt/airflow/dags
[2026-03-14T15:21:10.654+0000] {manager.py:997} INFO - 
================================================================================
DAG File Processing Stats

File Path                                 PID  Runtime      # DAGs    # Errors  Last Runtime    Last Run      Last # of DB Queries
--------------------------------------  -----  ---------  --------  ----------  --------------  ----------  ----------------------
/opt/airflow/dags/news_pipeline_dag.py    182  0.02s             0           0                                                   0
================================================================================
[2026-03-14T15:21:39.786+0000] {manager.py:997} INFO - 
================================================================================
DAG File Processing Stats

File Path                               PID    Runtime      # DAGs    # Errors  Last Runtime    Last Run               Last # of DB Queries
--------------------------------------  -----  ---------  --------  ----------  --------------  -------------------  ----------------------
/opt/airflow/dags/news_pipeline_dag.py                           1           0  0.36s           2026-03-14T15:21:10                      45
================================================================================
[2026-03-14T15:22:09.422+0000] {manager.py:997} INFO - 
================================================================================
DAG File Processing Stats

File Path                               PID    Runtime      # DAGs    # Errors  Last Runtime    Last Run               Last # of DB Queries
--------------------------------------  -----  ---------  --------  ----------  --------------  -------------------  ----------------------
/opt/airflow/dags/news_pipeline_dag.py                           1           0  0.17s           2026-03-14T15:21:41                      12
================================================================================
[2026-03-14T15:22:38.755+0000] {manager.py:997} INFO - 
================================================================================
DAG File Processing Stats

File Path                               PID    Runtime      # DAGs    # Errors  Last Runtime    Last Run               Last # of DB Queries
--------------------------------------  -----  ---------  --------  ----------  --------------  -------------------  ----------------------
/opt/airflow/dags/news_pipeline_dag.py                           1           0  0.16s           2026-03-14T15:22:11                      12
================================================================================
[2026-03-14T15:23:07.999+0000] {manager.py:997} INFO - 
================================================================================
DAG File Processing Stats

File Path                               PID    Runtime      # DAGs    # Errors  Last Runtime    Last Run               Last # of DB Queries
--------------------------------------  -----  ---------  --------  ----------  --------------  -------------------  ----------------------
/opt/airflow/dags/news_pipeline_dag.py                           1           0  0.22s           2026-03-14T15:22:42                      12
================================================================================
[2026-03-14T15:23:37.186+0000] {manager.py:997} INFO - 
================================================================================
DAG File Processing Stats

File Path                               PID    Runtime      # DAGs    # Errors  Last Runtime    Last Run               Last # of DB Queries
--------------------------------------  -----  ---------  --------  ----------  --------------  -------------------  ----------------------
/opt/airflow/dags/news_pipeline_dag.py                           1           0  0.13s           2026-03-14T15:23:12                      12
================================================================================
[2026-03-14T15:24:06.396+0000] {manager.py:997} INFO - 
================================================================================
DAG File Processing Stats

File Path                               PID    Runtime      # DAGs    # Errors  Last Runtime    Last Run               Last # of DB Queries
--------------------------------------  -----  ---------  --------  ----------  --------------  -------------------  ----------------------
/opt/airflow/dags/news_pipeline_dag.py                           1           0  0.13s           2026-03-14T15:23:42                      12
================================================================================
[2026-03-14T15:24:35.618+0000] {manager.py:997} INFO - 
================================================================================
DAG File Processing Stats

File Path                               PID    Runtime      # DAGs    # Errors  Last Runtime    Last Run               Last # of DB Queries
--------------------------------------  -----  ---------  --------  ----------  --------------  -------------------  ----------------------
/opt/airflow/dags/news_pipeline_dag.py                           1           0  0.14s           2026-03-14T15:24:12                      12
================================================================================
[2026-03-14T15:25:04.900+0000] {manager.py:997} INFO - 
================================================================================
DAG File Processing Stats

File Path                               PID    Runtime      # DAGs    # Errors  Last Runtime    Last Run               Last # of DB Queries
--------------------------------------  -----  ---------  --------  ----------  --------------  -------------------  ----------------------
/opt/airflow/dags/news_pipeline_dag.py                           1           0  0.14s           2026-03-14T15:24:42                      12
================================================================================
[2026-03-14T15:25:11.400+0000] {manager.py:465} INFO - Exiting gracefully upon receiving signal 15
[2026-03-14T15:25:24.114+0000] {manager.py:483} INFO - Processing files using up to 2 processes at a time 
[2026-03-14T15:25:24.114+0000] {manager.py:484} INFO - Process each file at most once every 30 seconds
[2026-03-14T15:25:24.115+0000] {manager.py:485} INFO - Checking for new files in /opt/airflow/dags every 300 seconds
[2026-03-14T15:25:24.116+0000] {manager.py:821} INFO - Searching for files in /opt/airflow/dags
[2026-03-14T15:25:24.145+0000] {manager.py:824} INFO - There are 1 files in /opt/airflow/dags
[2026-03-14T15:25:24.254+0000] {manager.py:997} INFO - 
================================================================================
DAG File Processing Stats

File Path                                 PID  Runtime      # DAGs    # Errors  Last Runtime    Last Run      Last # of DB Queries
--------------------------------------  -----  ---------  --------  ----------  --------------  ----------  ----------------------
/opt/airflow/dags/news_pipeline_dag.py    175  0.04s             0           0                                                   0
================================================================================
[2026-03-14T15:25:53.533+0000] {manager.py:997} INFO - 
================================================================================
DAG File Processing Stats

File Path                               PID    Runtime      # DAGs    # Errors  Last Runtime    Last Run               Last # of DB Queries
--------------------------------------  -----  ---------  --------  ----------  --------------  -------------------  ----------------------
/opt/airflow/dags/news_pipeline_dag.py                           1           0  0.21s           2026-03-14T15:25:24                      12
================================================================================
[2026-03-14T15:26:22.772+0000] {manager.py:997} INFO - 
================================================================================
DAG File Processing Stats

File Path                               PID    Runtime      # DAGs    # Errors  Last Runtime    Last Run               Last # of DB Queries
--------------------------------------  -----  ---------  --------  ----------  --------------  -------------------  ----------------------
/opt/airflow/dags/news_pipeline_dag.py                           1           0  0.17s           2026-03-14T15:25:54                      12
================================================================================
[2026-03-14T15:26:52.090+0000] {manager.py:997} INFO - 
================================================================================
DAG File Processing Stats

File Path                               PID    Runtime      # DAGs    # Errors  Last Runtime    Last Run               Last # of DB Queries
--------------------------------------  -----  ---------  --------  ----------  --------------  -------------------  ----------------------
/opt/airflow/dags/news_pipeline_dag.py                           1           0  0.11s           2026-03-14T15:26:24                      12
================================================================================
[2026-03-14T15:27:21.334+0000] {manager.py:997} INFO - 
================================================================================
DAG File Processing Stats

File Path                               PID    Runtime      # DAGs    # Errors  Last Runtime    Last Run               Last # of DB Queries
--------------------------------------  -----  ---------  --------  ----------  --------------  -------------------  ----------------------
/opt/airflow/dags/news_pipeline_dag.py                           1           0  0.11s           2026-03-14T15:26:55                      12
================================================================================
[2026-03-14T15:27:50.645+0000] {manager.py:997} INFO - 
================================================================================
DAG File Processing Stats

File Path                               PID    Runtime      # DAGs    # Errors  Last Runtime    Last Run               Last # of DB Queries
--------------------------------------  -----  ---------  --------  ----------  --------------  -------------------  ----------------------
/opt/airflow/dags/news_pipeline_dag.py                           1           0  0.13s           2026-03-14T15:27:25                      12
================================================================================
[2026-03-14T15:28:19.880+0000] {manager.py:997} INFO - 
================================================================================
DAG File Processing Stats

File Path                               PID    Runtime      # DAGs    # Errors  Last Runtime    Last Run               Last # of DB Queries
--------------------------------------  -----  ---------  --------  ----------  --------------  -------------------  ----------------------
/opt/airflow/dags/news_pipeline_dag.py                           1           0  0.15s           2026-03-14T15:27:55                      12
================================================================================
[2026-03-14T15:28:49.028+0000] {manager.py:997} INFO - 
================================================================================
DAG File Processing Stats

File Path                               PID    Runtime      # DAGs    # Errors  Last Runtime    Last Run               Last # of DB Queries
--------------------------------------  -----  ---------  --------  ----------  --------------  -------------------  ----------------------
/opt/airflow/dags/news_pipeline_dag.py                           1           0  0.14s           2026-03-14T15:28:26                      12
================================================================================
[2026-03-14T15:29:18.381+0000] {manager.py:997} INFO - 
================================================================================
DAG File Processing Stats

File Path                               PID    Runtime      # DAGs    # Errors  Last Runtime    Last Run               Last # of DB Queries
--------------------------------------  -----  ---------  --------  ----------  --------------  -------------------  ----------------------
/opt/airflow/dags/news_pipeline_dag.py                           1           0  0.17s           2026-03-14T15:28:56                      12
================================================================================
[2026-03-14T15:29:47.706+0000] {manager.py:997} INFO - 
================================================================================
DAG File Processing Stats

File Path                               PID    Runtime      # DAGs    # Errors  Last Runtime    Last Run               Last # of DB Queries
--------------------------------------  -----  ---------  --------  ----------  --------------  -------------------  ----------------------
/opt/airflow/dags/news_pipeline_dag.py                           1           0  0.12s           2026-03-14T15:29:26                      12
================================================================================
[2026-03-14T15:30:16.897+0000] {manager.py:997} INFO - 
================================================================================
DAG File Processing Stats

File Path                               PID    Runtime      # DAGs    # Errors  Last Runtime    Last Run               Last # of DB Queries
--------------------------------------  -----  ---------  --------  ----------  --------------  -------------------  ----------------------
/opt/airflow/dags/news_pipeline_dag.py                           1           0  0.14s           2026-03-14T15:29:56                      12
================================================================================
[2026-03-14T15:30:24.981+0000] {manager.py:821} INFO - Searching for files in /opt/airflow/dags
[2026-03-14T15:30:25.017+0000] {manager.py:824} INFO - There are 1 files in /opt/airflow/dags
[2026-03-14T15:30:46.240+0000] {manager.py:997} INFO - 
================================================================================
DAG File Processing Stats

File Path                               PID    Runtime      # DAGs    # Errors  Last Runtime    Last Run               Last # of DB Queries
--------------------------------------  -----  ---------  --------  ----------  --------------  -------------------  ----------------------
/opt/airflow/dags/news_pipeline_dag.py                           1           0  0.13s           2026-03-14T15:30:27                      12
================================================================================
[2026-03-14T15:31:15.496+0000] {manager.py:997} INFO - 
================================================================================
DAG File Processing Stats

File Path                               PID    Runtime      # DAGs    # Errors  Last Runtime    Last Run               Last # of DB Queries
--------------------------------------  -----  ---------  --------  ----------  --------------  -------------------  ----------------------
/opt/airflow/dags/news_pipeline_dag.py                           1           0  0.14s           2026-03-14T15:30:57                      12
================================================================================
[2026-03-14T15:31:44.917+0000] {manager.py:997} INFO - 
================================================================================
DAG File Processing Stats

File Path                               PID    Runtime      # DAGs    # Errors  Last Runtime    Last Run               Last # of DB Queries
--------------------------------------  -----  ---------  --------  ----------  --------------  -------------------  ----------------------
/opt/airflow/dags/news_pipeline_dag.py                           1           0  0.15s           2026-03-14T15:31:27                      12
================================================================================
[2026-03-14T15:32:14.228+0000] {manager.py:997} INFO - 
================================================================================
DAG File Processing Stats

File Path                               PID    Runtime      # DAGs    # Errors  Last Runtime    Last Run               Last # of DB Queries
--------------------------------------  -----  ---------  --------  ----------  --------------  -------------------  ----------------------
/opt/airflow/dags/news_pipeline_dag.py                           1           0  0.13s           2026-03-14T15:31:58                      12
================================================================================
[2026-03-14T15:32:43.464+0000] {manager.py:997} INFO - 
================================================================================
DAG File Processing Stats

File Path                               PID    Runtime      # DAGs    # Errors  Last Runtime    Last Run               Last # of DB Queries
--------------------------------------  -----  ---------  --------  ----------  --------------  -------------------  ----------------------
/opt/airflow/dags/news_pipeline_dag.py                           1           0  0.13s           2026-03-14T15:32:28                      12
================================================================================
[2026-03-14T15:33:12.827+0000] {manager.py:997} INFO - 
================================================================================
DAG File Processing Stats

File Path                               PID    Runtime      # DAGs    # Errors  Last Runtime    Last Run               Last # of DB Queries
--------------------------------------  -----  ---------  --------  ----------  --------------  -------------------  ----------------------
/opt/airflow/dags/news_pipeline_dag.py                           1           0  0.12s           2026-03-14T15:32:58                      12
================================================================================
[2026-03-14T15:33:42.099+0000] {manager.py:997} INFO - 
================================================================================
DAG File Processing Stats

File Path                               PID    Runtime      # DAGs    # Errors  Last Runtime    Last Run               Last # of DB Queries
--------------------------------------  -----  ---------  --------  ----------  --------------  -------------------  ----------------------
/opt/airflow/dags/news_pipeline_dag.py                           1           0  0.15s           2026-03-14T15:33:29                      12
================================================================================
[2026-03-14T15:34:11.409+0000] {manager.py:997} INFO - 
================================================================================
DAG File Processing Stats

File Path                               PID    Runtime      # DAGs    # Errors  Last Runtime    Last Run               Last # of DB Queries
--------------------------------------  -----  ---------  --------  ----------  --------------  -------------------  ----------------------
/opt/airflow/dags/news_pipeline_dag.py                           1           0  0.15s           2026-03-14T15:33:59                      12
================================================================================
[2026-03-14T15:34:40.754+0000] {manager.py:997} INFO - 
================================================================================
DAG File Processing Stats

File Path                               PID    Runtime      # DAGs    # Errors  Last Runtime    Last Run               Last # of DB Queries
--------------------------------------  -----  ---------  --------  ----------  --------------  -------------------  ----------------------
/opt/airflow/dags/news_pipeline_dag.py                           1           0  0.11s           2026-03-14T15:34:29                      12
================================================================================
[2026-03-14T15:35:10.061+0000] {manager.py:997} INFO - 
================================================================================
DAG File Processing Stats

File Path                               PID    Runtime      # DAGs    # Errors  Last Runtime    Last Run               Last # of DB Queries
--------------------------------------  -----  ---------  --------  ----------  --------------  -------------------  ----------------------
/opt/airflow/dags/news_pipeline_dag.py                           1           0  0.13s           2026-03-14T15:35:00                      12
================================================================================
[2026-03-14T15:35:25.149+0000] {manager.py:821} INFO - Searching for files in /opt/airflow/dags
[2026-03-14T15:35:25.167+0000] {manager.py:824} INFO - There are 1 files in /opt/airflow/dags
[2026-03-14T15:35:39.342+0000] {manager.py:997} INFO - 
================================================================================
DAG File Processing Stats

File Path                               PID    Runtime      # DAGs    # Errors  Last Runtime    Last Run               Last # of DB Queries
--------------------------------------  -----  ---------  --------  ----------  --------------  -------------------  ----------------------
/opt/airflow/dags/news_pipeline_dag.py                           1           0  0.15s           2026-03-14T15:35:30                      12
================================================================================
[2026-03-14T15:36:08.588+0000] {manager.py:997} INFO - 
================================================================================
DAG File Processing Stats

File Path                               PID    Runtime      # DAGs    # Errors  Last Runtime    Last Run               Last # of DB Queries
--------------------------------------  -----  ---------  --------  ----------  --------------  -------------------  ----------------------
/opt/airflow/dags/news_pipeline_dag.py                           1           0  0.16s           2026-03-14T15:36:00                      12
================================================================================
[2026-03-14T15:36:37.787+0000] {manager.py:997} INFO - 
================================================================================
DAG File Processing Stats

File Path                               PID    Runtime      # DAGs    # Errors  Last Runtime    Last Run               Last # of DB Queries
--------------------------------------  -----  ---------  --------  ----------  --------------  -------------------  ----------------------
/opt/airflow/dags/news_pipeline_dag.py                           1           0  0.16s           2026-03-14T15:36:30                      12
================================================================================
[2026-03-14T15:37:07.114+0000] {manager.py:997} INFO - 
================================================================================
DAG File Processing Stats

File Path                               PID    Runtime      # DAGs    # Errors  Last Runtime    Last Run               Last # of DB Queries
--------------------------------------  -----  ---------  --------  ----------  --------------  -------------------  ----------------------
/opt/airflow/dags/news_pipeline_dag.py                           1           0  0.15s           2026-03-14T15:37:01                      12
================================================================================
[2026-03-14T15:37:36.307+0000] {manager.py:997} INFO - 
================================================================================
DAG File Processing Stats

File Path                               PID    Runtime      # DAGs    # Errors  Last Runtime    Last Run               Last # of DB Queries
--------------------------------------  -----  ---------  --------  ----------  --------------  -------------------  ----------------------
/opt/airflow/dags/news_pipeline_dag.py                           1           0  0.15s           2026-03-14T15:37:31                      12
================================================================================
[2026-03-14T15:38:05.575+0000] {manager.py:997} INFO - 
================================================================================
DAG File Processing Stats

File Path                               PID    Runtime      # DAGs    # Errors  Last Runtime    Last Run               Last # of DB Queries
--------------------------------------  -----  ---------  --------  ----------  --------------  -------------------  ----------------------
/opt/airflow/dags/news_pipeline_dag.py                           1           0  0.16s           2026-03-14T15:38:01                      12
================================================================================
[2026-03-14T15:38:34.778+0000] {manager.py:997} INFO - 
================================================================================
DAG File Processing Stats

File Path                               PID    Runtime      # DAGs    # Errors  Last Runtime    Last Run               Last # of DB Queries
--------------------------------------  -----  ---------  --------  ----------  --------------  -------------------  ----------------------
/opt/airflow/dags/news_pipeline_dag.py                           1           0  0.14s           2026-03-14T15:38:31                      12
================================================================================
[2026-03-15T00:42:58.262+0000] {manager.py:483} INFO - Processing files using up to 2 processes at a time 
[2026-03-15T00:42:58.263+0000] {manager.py:484} INFO - Process each file at most once every 30 seconds
[2026-03-15T00:42:58.264+0000] {manager.py:485} INFO - Checking for new files in /opt/airflow/dags every 300 seconds
[2026-03-15T00:42:58.264+0000] {manager.py:821} INFO - Searching for files in /opt/airflow/dags
[2026-03-15T00:42:58.290+0000] {manager.py:824} INFO - There are 1 files in /opt/airflow/dags
[2026-03-15T00:42:58.377+0000] {manager.py:997} INFO - 
================================================================================
DAG File Processing Stats

File Path                                 PID  Runtime      # DAGs    # Errors  Last Runtime    Last Run      Last # of DB Queries
--------------------------------------  -----  ---------  --------  ----------  --------------  ----------  ----------------------
/opt/airflow/dags/news_pipeline_dag.py    176  0.03s             0           0                                                   0
================================================================================
[2026-03-15T00:43:28.524+0000] {manager.py:997} INFO - 
================================================================================
DAG File Processing Stats

File Path                                 PID  Runtime      # DAGs    # Errors  Last Runtime    Last Run               Last # of DB Queries
--------------------------------------  -----  ---------  --------  ----------  --------------  -------------------  ----------------------
/opt/airflow/dags/news_pipeline_dag.py    208  0.00s             1           0  0.15s           2026-03-15T00:42:58                      12
================================================================================
[2026-03-15T00:43:57.927+0000] {manager.py:997} INFO - 
================================================================================
DAG File Processing Stats

File Path                               PID    Runtime      # DAGs    # Errors  Last Runtime    Last Run               Last # of DB Queries
--------------------------------------  -----  ---------  --------  ----------  --------------  -------------------  ----------------------
/opt/airflow/dags/news_pipeline_dag.py                           1           0  0.12s           2026-03-15T00:43:28                      12
================================================================================
[2026-03-15T00:44:27.647+0000] {manager.py:997} INFO - 
================================================================================
DAG File Processing Stats

File Path                               PID    Runtime      # DAGs    # Errors  Last Runtime    Last Run               Last # of DB Queries
--------------------------------------  -----  ---------  --------  ----------  --------------  -------------------  ----------------------
/opt/airflow/dags/news_pipeline_dag.py                           1           0  0.15s           2026-03-15T00:43:59                      12
================================================================================
[2026-03-15T00:44:57.335+0000] {manager.py:997} INFO - 
================================================================================
DAG File Processing Stats

File Path                               PID    Runtime      # DAGs    # Errors  Last Runtime    Last Run               Last # of DB Queries
--------------------------------------  -----  ---------  --------  ----------  --------------  -------------------  ----------------------
/opt/airflow/dags/news_pipeline_dag.py                           1           0  0.16s           2026-03-15T00:44:29                      12
================================================================================
[2026-03-15T00:45:27.013+0000] {manager.py:997} INFO - 
================================================================================
DAG File Processing Stats

File Path                               PID    Runtime      # DAGs    # Errors  Last Runtime    Last Run               Last # of DB Queries
--------------------------------------  -----  ---------  --------  ----------  --------------  -------------------  ----------------------
/opt/airflow/dags/news_pipeline_dag.py                           1           0  0.14s           2026-03-15T00:45:00                      12
================================================================================
[2026-03-15T00:45:56.671+0000] {manager.py:997} INFO - 
================================================================================
DAG File Processing Stats

File Path                               PID    Runtime      # DAGs    # Errors  Last Runtime    Last Run               Last # of DB Queries
--------------------------------------  -----  ---------  --------  ----------  --------------  -------------------  ----------------------
/opt/airflow/dags/news_pipeline_dag.py                           1           0  0.14s           2026-03-15T00:45:31                      12
================================================================================
[2026-03-15T00:46:26.406+0000] {manager.py:997} INFO - 
================================================================================
DAG File Processing Stats

File Path                               PID    Runtime      # DAGs    # Errors  Last Runtime    Last Run               Last # of DB Queries
--------------------------------------  -----  ---------  --------  ----------  --------------  -------------------  ----------------------
/opt/airflow/dags/news_pipeline_dag.py                           1           0  0.12s           2026-03-15T00:46:01                      12
================================================================================
[2026-03-15T00:46:56.126+0000] {manager.py:997} INFO - 
================================================================================
DAG File Processing Stats

File Path                               PID    Runtime      # DAGs    # Errors  Last Runtime    Last Run               Last # of DB Queries
--------------------------------------  -----  ---------  --------  ----------  --------------  -------------------  ----------------------
/opt/airflow/dags/news_pipeline_dag.py                           1           0  0.15s           2026-03-15T00:46:32                      12
================================================================================
[2026-03-15T00:47:25.907+0000] {manager.py:997} INFO - 
================================================================================
DAG File Processing Stats

File Path                               PID    Runtime      # DAGs    # Errors  Last Runtime    Last Run               Last # of DB Queries
--------------------------------------  -----  ---------  --------  ----------  --------------  -------------------  ----------------------
/opt/airflow/dags/news_pipeline_dag.py                           1           0  0.12s           2026-03-15T00:47:03                      12
================================================================================
[2026-03-15T00:47:55.651+0000] {manager.py:997} INFO - 
================================================================================
DAG File Processing Stats

File Path                               PID    Runtime      # DAGs    # Errors  Last Runtime    Last Run               Last # of DB Queries
--------------------------------------  -----  ---------  --------  ----------  --------------  -------------------  ----------------------
/opt/airflow/dags/news_pipeline_dag.py                           1           0  0.12s           2026-03-15T00:47:34                      12
================================================================================
[2026-03-15T00:47:58.743+0000] {manager.py:821} INFO - Searching for files in /opt/airflow/dags
[2026-03-15T00:47:58.782+0000] {manager.py:824} INFO - There are 1 files in /opt/airflow/dags
[2026-03-15T00:48:25.424+0000] {manager.py:997} INFO - 
================================================================================
DAG File Processing Stats

File Path                               PID    Runtime      # DAGs    # Errors  Last Runtime    Last Run               Last # of DB Queries
--------------------------------------  -----  ---------  --------  ----------  --------------  -------------------  ----------------------
/opt/airflow/dags/news_pipeline_dag.py                           1           0  0.13s           2026-03-15T00:48:05                      12
================================================================================
[2026-03-15T00:48:55.153+0000] {manager.py:997} INFO - 
================================================================================
DAG File Processing Stats

File Path                               PID    Runtime      # DAGs    # Errors  Last Runtime    Last Run               Last # of DB Queries
--------------------------------------  -----  ---------  --------  ----------  --------------  -------------------  ----------------------
/opt/airflow/dags/news_pipeline_dag.py                           1           0  0.16s           2026-03-15T00:48:35                      12
================================================================================
[2026-03-15T00:49:24.891+0000] {manager.py:997} INFO - 
================================================================================
DAG File Processing Stats

File Path                               PID    Runtime      # DAGs    # Errors  Last Runtime    Last Run               Last # of DB Queries
--------------------------------------  -----  ---------  --------  ----------  --------------  -------------------  ----------------------
/opt/airflow/dags/news_pipeline_dag.py                           1           0  0.13s           2026-03-15T00:49:06                      12
================================================================================
[2026-03-15T00:49:54.548+0000] {manager.py:997} INFO - 
================================================================================
DAG File Processing Stats

File Path                               PID    Runtime      # DAGs    # Errors  Last Runtime    Last Run               Last # of DB Queries
--------------------------------------  -----  ---------  --------  ----------  --------------  -------------------  ----------------------
/opt/airflow/dags/news_pipeline_dag.py                           1           0  0.11s           2026-03-15T00:49:37                      12
================================================================================
[2026-03-15T00:50:24.090+0000] {manager.py:997} INFO - 
================================================================================
DAG File Processing Stats

File Path                               PID    Runtime      # DAGs    # Errors  Last Runtime    Last Run               Last # of DB Queries
--------------------------------------  -----  ---------  --------  ----------  --------------  -------------------  ----------------------
/opt/airflow/dags/news_pipeline_dag.py                           1           0  0.10s           2026-03-15T00:50:07                      12
================================================================================
[2026-03-15T00:50:53.705+0000] {manager.py:997} INFO - 
================================================================================
DAG File Processing Stats

File Path                               PID    Runtime      # DAGs    # Errors  Last Runtime    Last Run               Last # of DB Queries
--------------------------------------  -----  ---------  --------  ----------  --------------  -------------------  ----------------------
/opt/airflow/dags/news_pipeline_dag.py                           1           0  0.11s           2026-03-15T00:50:38                      12
================================================================================
[2026-03-15T00:51:23.304+0000] {manager.py:997} INFO - 
================================================================================
DAG File Processing Stats

File Path                               PID    Runtime      # DAGs    # Errors  Last Runtime    Last Run               Last # of DB Queries
--------------------------------------  -----  ---------  --------  ----------  --------------  -------------------  ----------------------
/opt/airflow/dags/news_pipeline_dag.py                           1           0  0.11s           2026-03-15T00:51:09                      12
================================================================================
[2026-03-15T00:51:52.797+0000] {manager.py:997} INFO - 
================================================================================
DAG File Processing Stats

File Path                               PID    Runtime      # DAGs    # Errors  Last Runtime    Last Run               Last # of DB Queries
--------------------------------------  -----  ---------  --------  ----------  --------------  -------------------  ----------------------
/opt/airflow/dags/news_pipeline_dag.py                           1           0  0.12s           2026-03-15T00:51:39                      12
================================================================================
[2026-03-15T00:52:22.370+0000] {manager.py:997} INFO - 
================================================================================
DAG File Processing Stats

File Path                               PID    Runtime      # DAGs    # Errors  Last Runtime    Last Run               Last # of DB Queries
--------------------------------------  -----  ---------  --------  ----------  --------------  -------------------  ----------------------
/opt/airflow/dags/news_pipeline_dag.py                           1           0  0.14s           2026-03-15T00:52:09                      12
================================================================================
[2026-03-16T07:47:00.962+0000] {manager.py:483} INFO - Processing files using up to 2 processes at a time 
[2026-03-16T07:47:00.963+0000] {manager.py:484} INFO - Process each file at most once every 30 seconds
[2026-03-16T07:47:00.963+0000] {manager.py:485} INFO - Checking for new files in /opt/airflow/dags every 300 seconds
[2026-03-16T07:47:00.964+0000] {manager.py:821} INFO - Searching for files in /opt/airflow/dags
[2026-03-16T07:47:01.025+0000] {manager.py:824} INFO - There are 1 files in /opt/airflow/dags
[2026-03-16T07:47:06.119+0000] {manager.py:997} INFO - 
================================================================================
DAG File Processing Stats

File Path                               PID    Runtime      # DAGs    # Errors  Last Runtime    Last Run               Last # of DB Queries
--------------------------------------  -----  ---------  --------  ----------  --------------  -------------------  ----------------------
/opt/airflow/dags/news_pipeline_dag.py                           1           0  0.22s           2026-03-16T07:47:01                      12
================================================================================
[2026-03-16T07:47:36.371+0000] {manager.py:997} INFO - 
================================================================================
DAG File Processing Stats

File Path                               PID    Runtime      # DAGs    # Errors  Last Runtime    Last Run               Last # of DB Queries
--------------------------------------  -----  ---------  --------  ----------  --------------  -------------------  ----------------------
/opt/airflow/dags/news_pipeline_dag.py                           1           0  0.14s           2026-03-16T07:47:31                      12
================================================================================
[2026-03-16T07:48:06.666+0000] {manager.py:997} INFO - 
================================================================================
DAG File Processing Stats

File Path                               PID    Runtime      # DAGs    # Errors  Last Runtime    Last Run               Last # of DB Queries
--------------------------------------  -----  ---------  --------  ----------  --------------  -------------------  ----------------------
/opt/airflow/dags/news_pipeline_dag.py                           1           0  0.15s           2026-03-16T07:48:01                      12
================================================================================
[2026-03-16T07:48:37.046+0000] {manager.py:997} INFO - 
================================================================================
DAG File Processing Stats

File Path                               PID    Runtime      # DAGs    # Errors  Last Runtime    Last Run               Last # of DB Queries
--------------------------------------  -----  ---------  --------  ----------  --------------  -------------------  ----------------------
/opt/airflow/dags/news_pipeline_dag.py                           1           0  0.14s           2026-03-16T07:48:32                      12
================================================================================
[2026-03-16T07:49:07.331+0000] {manager.py:997} INFO - 
================================================================================
DAG File Processing Stats

File Path                               PID    Runtime      # DAGs    # Errors  Last Runtime    Last Run               Last # of DB Queries
--------------------------------------  -----  ---------  --------  ----------  --------------  -------------------  ----------------------
/opt/airflow/dags/news_pipeline_dag.py                           1           0  0.11s           2026-03-16T07:49:02                      12
================================================================================
[2026-03-16T07:49:37.653+0000] {manager.py:997} INFO - 
================================================================================
DAG File Processing Stats

File Path                               PID    Runtime      # DAGs    # Errors  Last Runtime    Last Run               Last # of DB Queries
--------------------------------------  -----  ---------  --------  ----------  --------------  -------------------  ----------------------
/opt/airflow/dags/news_pipeline_dag.py                           1           0  0.17s           2026-03-16T07:49:32                      12
================================================================================
[2026-03-24T03:38:56.833+0000] {manager.py:483} INFO - Processing files using up to 2 processes at a time 
[2026-03-24T03:38:56.838+0000] {manager.py:484} INFO - Process each file at most once every 30 seconds
[2026-03-24T03:38:56.839+0000] {manager.py:485} INFO - Checking for new files in /opt/airflow/dags every 300 seconds
[2026-03-24T03:38:56.840+0000] {manager.py:821} INFO - Searching for files in /opt/airflow/dags
[2026-03-24T03:38:56.886+0000] {manager.py:824} INFO - There are 1 files in /opt/airflow/dags
[2026-03-24T03:38:56.976+0000] {manager.py:997} INFO - 
================================================================================
DAG File Processing Stats

File Path                                 PID  Runtime      # DAGs    # Errors  Last Runtime    Last Run      Last # of DB Queries
--------------------------------------  -----  ---------  --------  ----------  --------------  ----------  ----------------------
/opt/airflow/dags/news_pipeline_dag.py    174  0.03s             0           0                                                   0
================================================================================
[2026-03-24T03:39:27.121+0000] {manager.py:997} INFO - 
================================================================================
DAG File Processing Stats

File Path                               PID    Runtime      # DAGs    # Errors  Last Runtime    Last Run               Last # of DB Queries
--------------------------------------  -----  ---------  --------  ----------  --------------  -------------------  ----------------------
/opt/airflow/dags/news_pipeline_dag.py                           1           0  0.22s           2026-03-24T03:38:57                      12
================================================================================
[2026-03-24T03:39:57.758+0000] {manager.py:997} INFO - 
================================================================================
DAG File Processing Stats

File Path                                 PID  Runtime      # DAGs    # Errors  Last Runtime    Last Run               Last # of DB Queries
--------------------------------------  -----  ---------  --------  ----------  --------------  -------------------  ----------------------
/opt/airflow/dags/news_pipeline_dag.py    241  0.00s             1           0  0.14s           2026-03-24T03:39:27                      12
================================================================================
[2026-03-24T03:40:28.090+0000] {manager.py:997} INFO - 
================================================================================
DAG File Processing Stats

File Path                                 PID  Runtime      # DAGs    # Errors  Last Runtime    Last Run               Last # of DB Queries
--------------------------------------  -----  ---------  --------  ----------  --------------  -------------------  ----------------------
/opt/airflow/dags/news_pipeline_dag.py    246  0.00s             1           0  0.12s           2026-03-24T03:39:57                      12
================================================================================
[2026-03-24T03:40:58.532+0000] {manager.py:997} INFO - 
================================================================================
DAG File Processing Stats

File Path                                 PID  Runtime      # DAGs    # Errors  Last Runtime    Last Run               Last # of DB Queries
--------------------------------------  -----  ---------  --------  ----------  --------------  -------------------  ----------------------
/opt/airflow/dags/news_pipeline_dag.py    251  0.00s             1           0  0.15s           2026-03-24T03:40:28                      12
================================================================================
[2026-03-24T03:41:28.845+0000] {manager.py:997} INFO - 
================================================================================
DAG File Processing Stats

File Path                                 PID  Runtime      # DAGs    # Errors  Last Runtime    Last Run               Last # of DB Queries
--------------------------------------  -----  ---------  --------  ----------  --------------  -------------------  ----------------------
/opt/airflow/dags/news_pipeline_dag.py    256  0.00s             1           0  0.13s           2026-03-24T03:40:58                      12
================================================================================
[2026-03-24T03:41:59.142+0000] {manager.py:997} INFO - 
================================================================================
DAG File Processing Stats

File Path                                 PID  Runtime      # DAGs    # Errors  Last Runtime    Last Run               Last # of DB Queries
--------------------------------------  -----  ---------  --------  ----------  --------------  -------------------  ----------------------
/opt/airflow/dags/news_pipeline_dag.py    261  0.00s             1           0  0.12s           2026-03-24T03:41:28                      12
================================================================================
[2026-03-24T03:42:29.467+0000] {manager.py:997} INFO - 
================================================================================
DAG File Processing Stats

File Path                                 PID  Runtime      # DAGs    # Errors  Last Runtime    Last Run               Last # of DB Queries
--------------------------------------  -----  ---------  --------  ----------  --------------  -------------------  ----------------------
/opt/airflow/dags/news_pipeline_dag.py    266  0.00s             1           0  0.11s           2026-03-24T03:41:59                      12
================================================================================
[2026-03-24T03:42:59.385+0000] {manager.py:997} INFO - 
================================================================================
DAG File Processing Stats

File Path                               PID    Runtime      # DAGs    # Errors  Last Runtime    Last Run               Last # of DB Queries
--------------------------------------  -----  ---------  --------  ----------  --------------  -------------------  ----------------------
/opt/airflow/dags/news_pipeline_dag.py                           1           0  0.11s           2026-03-24T03:42:29                      12
================================================================================
[2026-03-24T03:43:29.612+0000] {manager.py:997} INFO - 
================================================================================
DAG File Processing Stats

File Path                               PID    Runtime      # DAGs    # Errors  Last Runtime    Last Run               Last # of DB Queries
--------------------------------------  -----  ---------  --------  ----------  --------------  -------------------  ----------------------
/opt/airflow/dags/news_pipeline_dag.py                           1           0  0.10s           2026-03-24T03:43:00                      12
================================================================================
[2026-03-24T03:43:56.987+0000] {manager.py:821} INFO - Searching for files in /opt/airflow/dags
[2026-03-24T03:43:57.012+0000] {manager.py:824} INFO - There are 1 files in /opt/airflow/dags
[2026-03-24T03:44:00.064+0000] {manager.py:997} INFO - 
================================================================================
DAG File Processing Stats

File Path                               PID    Runtime      # DAGs    # Errors  Last Runtime    Last Run               Last # of DB Queries
--------------------------------------  -----  ---------  --------  ----------  --------------  -------------------  ----------------------
/opt/airflow/dags/news_pipeline_dag.py                           1           0  0.11s           2026-03-24T03:43:30                      12
================================================================================
[2026-03-24T03:44:30.399+0000] {manager.py:997} INFO - 
================================================================================
DAG File Processing Stats

File Path                               PID    Runtime      # DAGs    # Errors  Last Runtime    Last Run               Last # of DB Queries
--------------------------------------  -----  ---------  --------  ----------  --------------  -------------------  ----------------------
/opt/airflow/dags/news_pipeline_dag.py                           1           0  0.10s           2026-03-24T03:44:01                      12
================================================================================
[2026-03-24T03:45:00.746+0000] {manager.py:997} INFO - 
================================================================================
DAG File Processing Stats

File Path                               PID    Runtime      # DAGs    # Errors  Last Runtime    Last Run               Last # of DB Queries
--------------------------------------  -----  ---------  --------  ----------  --------------  -------------------  ----------------------
/opt/airflow/dags/news_pipeline_dag.py                           1           0  0.11s           2026-03-24T03:44:31                      12
================================================================================
[2026-03-24T03:45:31.173+0000] {manager.py:997} INFO - 
================================================================================
DAG File Processing Stats

File Path                               PID    Runtime      # DAGs    # Errors  Last Runtime    Last Run               Last # of DB Queries
--------------------------------------  -----  ---------  --------  ----------  --------------  -------------------  ----------------------
/opt/airflow/dags/news_pipeline_dag.py                           1           0  0.18s           2026-03-24T03:45:01                      12
================================================================================
[2026-03-24T03:46:01.175+0000] {manager.py:997} INFO - 
================================================================================
DAG File Processing Stats

File Path                               PID    Runtime      # DAGs    # Errors  Last Runtime    Last Run               Last # of DB Queries
--------------------------------------  -----  ---------  --------  ----------  --------------  -------------------  ----------------------
/opt/airflow/dags/news_pipeline_dag.py                           1           0  0.10s           2026-03-24T03:45:32                      12
================================================================================
[2026-03-24T03:46:31.514+0000] {manager.py:997} INFO - 
================================================================================
DAG File Processing Stats

File Path                               PID    Runtime      # DAGs    # Errors  Last Runtime    Last Run               Last # of DB Queries
--------------------------------------  -----  ---------  --------  ----------  --------------  -------------------  ----------------------
/opt/airflow/dags/news_pipeline_dag.py                           1           0  0.10s           2026-03-24T03:46:03                      12
================================================================================
[2026-03-24T03:47:01.862+0000] {manager.py:997} INFO - 
================================================================================
DAG File Processing Stats

File Path                               PID    Runtime      # DAGs    # Errors  Last Runtime    Last Run               Last # of DB Queries
--------------------------------------  -----  ---------  --------  ----------  --------------  -------------------  ----------------------
/opt/airflow/dags/news_pipeline_dag.py                           1           0  0.11s           2026-03-24T03:46:33                      12
================================================================================
[2026-03-24T03:47:32.237+0000] {manager.py:997} INFO - 
================================================================================
DAG File Processing Stats

File Path                               PID    Runtime      # DAGs    # Errors  Last Runtime    Last Run               Last # of DB Queries
--------------------------------------  -----  ---------  --------  ----------  --------------  -------------------  ----------------------
/opt/airflow/dags/news_pipeline_dag.py                           1           0  0.10s           2026-03-24T03:47:03                      12
================================================================================
[2026-03-24T03:48:02.488+0000] {manager.py:997} INFO - 
================================================================================
DAG File Processing Stats

File Path                               PID    Runtime      # DAGs    # Errors  Last Runtime    Last Run               Last # of DB Queries
--------------------------------------  -----  ---------  --------  ----------  --------------  -------------------  ----------------------
/opt/airflow/dags/news_pipeline_dag.py                           1           0  0.11s           2026-03-24T03:47:34                      12
================================================================================
[2026-03-24T03:48:32.717+0000] {manager.py:997} INFO - 
================================================================================
DAG File Processing Stats

File Path                               PID    Runtime      # DAGs    # Errors  Last Runtime    Last Run               Last # of DB Queries
--------------------------------------  -----  ---------  --------  ----------  --------------  -------------------  ----------------------
/opt/airflow/dags/news_pipeline_dag.py                           1           0  0.10s           2026-03-24T03:48:04                      12
================================================================================
[2026-03-24T03:48:57.853+0000] {manager.py:821} INFO - Searching for files in /opt/airflow/dags
[2026-03-24T03:48:57.884+0000] {manager.py:824} INFO - There are 1 files in /opt/airflow/dags
[2026-03-24T03:49:02.948+0000] {manager.py:997} INFO - 
================================================================================
DAG File Processing Stats

File Path                               PID    Runtime      # DAGs    # Errors  Last Runtime    Last Run               Last # of DB Queries
--------------------------------------  -----  ---------  --------  ----------  --------------  -------------------  ----------------------
/opt/airflow/dags/news_pipeline_dag.py                           1           0  0.12s           2026-03-24T03:48:34                      12
================================================================================
[2026-03-24T03:49:33.205+0000] {manager.py:997} INFO - 
================================================================================
DAG File Processing Stats

File Path                               PID    Runtime      # DAGs    # Errors  Last Runtime    Last Run               Last # of DB Queries
--------------------------------------  -----  ---------  --------  ----------  --------------  -------------------  ----------------------
/opt/airflow/dags/news_pipeline_dag.py                           1           0  0.11s           2026-03-24T03:49:05                      12
================================================================================
[2026-03-24T03:50:03.527+0000] {manager.py:997} INFO - 
================================================================================
DAG File Processing Stats

File Path                               PID    Runtime      # DAGs    # Errors  Last Runtime    Last Run               Last # of DB Queries
--------------------------------------  -----  ---------  --------  ----------  --------------  -------------------  ----------------------
/opt/airflow/dags/news_pipeline_dag.py                           1           0  0.18s           2026-03-24T03:49:35                      12
================================================================================
[2026-03-24T03:50:33.637+0000] {manager.py:997} INFO - 
================================================================================
DAG File Processing Stats

File Path                               PID    Runtime      # DAGs    # Errors  Last Runtime    Last Run               Last # of DB Queries
--------------------------------------  -----  ---------  --------  ----------  --------------  -------------------  ----------------------
/opt/airflow/dags/news_pipeline_dag.py                           1           0  0.16s           2026-03-24T03:50:05                      12
================================================================================
[2026-03-24T03:51:04.005+0000] {manager.py:997} INFO - 
================================================================================
DAG File Processing Stats

File Path                               PID    Runtime      # DAGs    # Errors  Last Runtime    Last Run               Last # of DB Queries
--------------------------------------  -----  ---------  --------  ----------  --------------  -------------------  ----------------------
/opt/airflow/dags/news_pipeline_dag.py                           1           0  0.11s           2026-03-24T03:50:35                      12
================================================================================
[2026-03-24T03:51:34.183+0000] {manager.py:997} INFO - 
================================================================================
DAG File Processing Stats

File Path                               PID    Runtime      # DAGs    # Errors  Last Runtime    Last Run               Last # of DB Queries
--------------------------------------  -----  ---------  --------  ----------  --------------  -------------------  ----------------------
/opt/airflow/dags/news_pipeline_dag.py                           1           0  0.11s           2026-03-24T03:51:06                      12
================================================================================
[2026-03-24T03:52:04.414+0000] {manager.py:997} INFO - 
================================================================================
DAG File Processing Stats

File Path                               PID    Runtime      # DAGs    # Errors  Last Runtime    Last Run               Last # of DB Queries
--------------------------------------  -----  ---------  --------  ----------  --------------  -------------------  ----------------------
/opt/airflow/dags/news_pipeline_dag.py                           1           0  0.11s           2026-03-24T03:51:36                      12
================================================================================
[2026-03-24T03:52:34.758+0000] {manager.py:997} INFO - 
================================================================================
DAG File Processing Stats

File Path                               PID    Runtime      # DAGs    # Errors  Last Runtime    Last Run               Last # of DB Queries
--------------------------------------  -----  ---------  --------  ----------  --------------  -------------------  ----------------------
/opt/airflow/dags/news_pipeline_dag.py                           1           0  0.11s           2026-03-24T03:52:06                      12
================================================================================
[2026-03-24T03:53:04.972+0000] {manager.py:997} INFO - 
================================================================================
DAG File Processing Stats

File Path                               PID    Runtime      # DAGs    # Errors  Last Runtime    Last Run               Last # of DB Queries
--------------------------------------  -----  ---------  --------  ----------  --------------  -------------------  ----------------------
/opt/airflow/dags/news_pipeline_dag.py                           1           0  0.11s           2026-03-24T03:52:36                      12
================================================================================
[2026-03-24T03:53:35.232+0000] {manager.py:997} INFO - 
================================================================================
DAG File Processing Stats

File Path                               PID    Runtime      # DAGs    # Errors  Last Runtime    Last Run               Last # of DB Queries
--------------------------------------  -----  ---------  --------  ----------  --------------  -------------------  ----------------------
/opt/airflow/dags/news_pipeline_dag.py                           1           0  0.11s           2026-03-24T03:53:07                      12
================================================================================
[2026-03-24T03:53:58.463+0000] {manager.py:821} INFO - Searching for files in /opt/airflow/dags
[2026-03-24T03:53:58.507+0000] {manager.py:824} INFO - There are 1 files in /opt/airflow/dags
[2026-03-24T03:54:05.600+0000] {manager.py:997} INFO - 
================================================================================
DAG File Processing Stats

File Path                               PID    Runtime      # DAGs    # Errors  Last Runtime    Last Run               Last # of DB Queries
--------------------------------------  -----  ---------  --------  ----------  --------------  -------------------  ----------------------
/opt/airflow/dags/news_pipeline_dag.py                           1           0  0.30s           2026-03-24T03:53:37                      12
================================================================================
[2026-03-24T03:54:36.068+0000] {manager.py:997} INFO - 
================================================================================
DAG File Processing Stats

File Path                               PID    Runtime      # DAGs    # Errors  Last Runtime    Last Run               Last # of DB Queries
--------------------------------------  -----  ---------  --------  ----------  --------------  -------------------  ----------------------
/opt/airflow/dags/news_pipeline_dag.py                           1           0  0.12s           2026-03-24T03:54:07                      12
================================================================================
[2026-03-24T03:55:06.212+0000] {manager.py:997} INFO - 
================================================================================
DAG File Processing Stats

File Path                               PID    Runtime      # DAGs    # Errors  Last Runtime    Last Run               Last # of DB Queries
--------------------------------------  -----  ---------  --------  ----------  --------------  -------------------  ----------------------
/opt/airflow/dags/news_pipeline_dag.py                           1           0  0.15s           2026-03-24T03:54:38                      12
================================================================================
[2026-03-24T03:55:36.500+0000] {manager.py:997} INFO - 
================================================================================
DAG File Processing Stats

File Path                               PID    Runtime      # DAGs    # Errors  Last Runtime    Last Run               Last # of DB Queries
--------------------------------------  -----  ---------  --------  ----------  --------------  -------------------  ----------------------
/opt/airflow/dags/news_pipeline_dag.py                           1           0  0.14s           2026-03-24T03:55:08                      12
================================================================================
[2026-03-24T03:56:06.744+0000] {manager.py:997} INFO - 
================================================================================
DAG File Processing Stats

File Path                               PID    Runtime      # DAGs    # Errors  Last Runtime    Last Run               Last # of DB Queries
--------------------------------------  -----  ---------  --------  ----------  --------------  -------------------  ----------------------
/opt/airflow/dags/news_pipeline_dag.py                           1           0  0.13s           2026-03-24T03:55:38                      12
================================================================================
[2026-03-24T03:56:36.955+0000] {manager.py:997} INFO - 
================================================================================
DAG File Processing Stats

File Path                               PID    Runtime      # DAGs    # Errors  Last Runtime    Last Run               Last # of DB Queries
--------------------------------------  -----  ---------  --------  ----------  --------------  -------------------  ----------------------
/opt/airflow/dags/news_pipeline_dag.py                           1           0  0.13s           2026-03-24T03:56:08                      12
================================================================================
[2026-03-24T03:57:07.234+0000] {manager.py:997} INFO - 
================================================================================
DAG File Processing Stats

File Path                               PID    Runtime      # DAGs    # Errors  Last Runtime    Last Run               Last # of DB Queries
--------------------------------------  -----  ---------  --------  ----------  --------------  -------------------  ----------------------
/opt/airflow/dags/news_pipeline_dag.py                           1           0  0.13s           2026-03-24T03:56:39                      12
================================================================================
[2026-03-24T03:57:37.411+0000] {manager.py:997} INFO - 
================================================================================
DAG File Processing Stats

File Path                               PID    Runtime      # DAGs    # Errors  Last Runtime    Last Run               Last # of DB Queries
--------------------------------------  -----  ---------  --------  ----------  --------------  -------------------  ----------------------
/opt/airflow/dags/news_pipeline_dag.py                           1           0  0.14s           2026-03-24T03:57:09                      12
================================================================================
[2026-03-24T03:58:07.671+0000] {manager.py:997} INFO - 
================================================================================
DAG File Processing Stats

File Path                               PID    Runtime      # DAGs    # Errors  Last Runtime    Last Run               Last # of DB Queries
--------------------------------------  -----  ---------  --------  ----------  --------------  -------------------  ----------------------
/opt/airflow/dags/news_pipeline_dag.py                           1           0  0.17s           2026-03-24T03:57:39                      12
================================================================================
[2026-03-24T03:58:37.851+0000] {manager.py:997} INFO - 
================================================================================
DAG File Processing Stats

File Path                               PID    Runtime      # DAGs    # Errors  Last Runtime    Last Run               Last # of DB Queries
--------------------------------------  -----  ---------  --------  ----------  --------------  -------------------  ----------------------
/opt/airflow/dags/news_pipeline_dag.py                           1           0  0.15s           2026-03-24T03:58:09                      12
================================================================================
[2026-03-24T03:58:59.028+0000] {manager.py:821} INFO - Searching for files in /opt/airflow/dags
[2026-03-24T03:58:59.059+0000] {manager.py:824} INFO - There are 1 files in /opt/airflow/dags
[2026-03-24T03:59:08.158+0000] {manager.py:997} INFO - 
================================================================================
DAG File Processing Stats

File Path                               PID    Runtime      # DAGs    # Errors  Last Runtime    Last Run               Last # of DB Queries
--------------------------------------  -----  ---------  --------  ----------  --------------  -------------------  ----------------------
/opt/airflow/dags/news_pipeline_dag.py                           1           0  0.13s           2026-03-24T03:58:40                      12
================================================================================
[2026-03-24T03:59:38.339+0000] {manager.py:997} INFO - 
================================================================================
DAG File Processing Stats

File Path                               PID    Runtime      # DAGs    # Errors  Last Runtime    Last Run               Last # of DB Queries
--------------------------------------  -----  ---------  --------  ----------  --------------  -------------------  ----------------------
/opt/airflow/dags/news_pipeline_dag.py                           1           0  0.13s           2026-03-24T03:59:10                      12
================================================================================
[2026-03-24T04:00:08.570+0000] {manager.py:997} INFO - 
================================================================================
DAG File Processing Stats

File Path                               PID    Runtime      # DAGs    # Errors  Last Runtime    Last Run               Last # of DB Queries
--------------------------------------  -----  ---------  --------  ----------  --------------  -------------------  ----------------------
/opt/airflow/dags/news_pipeline_dag.py                           1           0  0.14s           2026-03-24T03:59:40                      12
================================================================================
[2026-03-24T04:00:38.752+0000] {manager.py:997} INFO - 
================================================================================
DAG File Processing Stats

File Path                               PID    Runtime      # DAGs    # Errors  Last Runtime    Last Run               Last # of DB Queries
--------------------------------------  -----  ---------  --------  ----------  --------------  -------------------  ----------------------
/opt/airflow/dags/news_pipeline_dag.py                           1           0  0.14s           2026-03-24T04:00:10                      12
================================================================================
[2026-03-24T04:01:08.650+0000] {manager.py:997} INFO - 
================================================================================
DAG File Processing Stats

File Path                               PID    Runtime      # DAGs    # Errors  Last Runtime    Last Run               Last # of DB Queries
--------------------------------------  -----  ---------  --------  ----------  --------------  -------------------  ----------------------
/opt/airflow/dags/news_pipeline_dag.py                           1           0  0.12s           2026-03-24T04:00:40                      12
================================================================================
[2026-03-24T04:01:38.936+0000] {manager.py:997} INFO - 
================================================================================
DAG File Processing Stats

File Path                               PID    Runtime      # DAGs    # Errors  Last Runtime    Last Run               Last # of DB Queries
--------------------------------------  -----  ---------  --------  ----------  --------------  -------------------  ----------------------
/opt/airflow/dags/news_pipeline_dag.py                           1           0  0.12s           2026-03-24T04:01:11                      12
================================================================================
[2026-03-24T04:02:09.092+0000] {manager.py:997} INFO - 
================================================================================
DAG File Processing Stats

File Path                               PID    Runtime      # DAGs    # Errors  Last Runtime    Last Run               Last # of DB Queries
--------------------------------------  -----  ---------  --------  ----------  --------------  -------------------  ----------------------
/opt/airflow/dags/news_pipeline_dag.py                           1           0  0.15s           2026-03-24T04:01:41                      12
================================================================================
[2026-03-24T04:02:38.972+0000] {manager.py:997} INFO - 
================================================================================
DAG File Processing Stats

File Path                               PID    Runtime      # DAGs    # Errors  Last Runtime    Last Run               Last # of DB Queries
--------------------------------------  -----  ---------  --------  ----------  --------------  -------------------  ----------------------
/opt/airflow/dags/news_pipeline_dag.py                           1           0  0.13s           2026-03-24T04:02:12                      12
================================================================================
[2026-03-24T04:03:09.244+0000] {manager.py:997} INFO - 
================================================================================
DAG File Processing Stats

File Path                               PID    Runtime      # DAGs    # Errors  Last Runtime    Last Run               Last # of DB Queries
--------------------------------------  -----  ---------  --------  ----------  --------------  -------------------  ----------------------
/opt/airflow/dags/news_pipeline_dag.py                           1           0  0.13s           2026-03-24T04:02:43                      12
================================================================================
[2026-03-24T04:03:39.523+0000] {manager.py:997} INFO - 
================================================================================
DAG File Processing Stats

File Path                               PID    Runtime      # DAGs    # Errors  Last Runtime    Last Run               Last # of DB Queries
--------------------------------------  -----  ---------  --------  ----------  --------------  -------------------  ----------------------
/opt/airflow/dags/news_pipeline_dag.py                           1           0  0.19s           2026-03-24T04:03:13                      12
================================================================================
[2026-03-24T04:03:59.686+0000] {manager.py:821} INFO - Searching for files in /opt/airflow/dags
[2026-03-24T04:03:59.734+0000] {manager.py:824} INFO - There are 1 files in /opt/airflow/dags
[2026-03-24T04:04:09.702+0000] {manager.py:997} INFO - 
================================================================================
DAG File Processing Stats

File Path                               PID    Runtime      # DAGs    # Errors  Last Runtime    Last Run               Last # of DB Queries
--------------------------------------  -----  ---------  --------  ----------  --------------  -------------------  ----------------------
/opt/airflow/dags/news_pipeline_dag.py                           1           0  0.15s           2026-03-24T04:03:43                      12
================================================================================
[2026-03-24T04:04:39.978+0000] {manager.py:997} INFO - 
================================================================================
DAG File Processing Stats

File Path                               PID    Runtime      # DAGs    # Errors  Last Runtime    Last Run               Last # of DB Queries
--------------------------------------  -----  ---------  --------  ----------  --------------  -------------------  ----------------------
/opt/airflow/dags/news_pipeline_dag.py                           1           0  0.13s           2026-03-24T04:04:13                      12
================================================================================
[2026-03-24T04:05:10.289+0000] {manager.py:997} INFO - 
================================================================================
DAG File Processing Stats

File Path                               PID    Runtime      # DAGs    # Errors  Last Runtime    Last Run               Last # of DB Queries
--------------------------------------  -----  ---------  --------  ----------  --------------  -------------------  ----------------------
/opt/airflow/dags/news_pipeline_dag.py                           1           0  0.13s           2026-03-24T04:04:44                      12
================================================================================
[2026-03-24T04:05:40.522+0000] {manager.py:997} INFO - 
================================================================================
DAG File Processing Stats

File Path                               PID    Runtime      # DAGs    # Errors  Last Runtime    Last Run               Last # of DB Queries
--------------------------------------  -----  ---------  --------  ----------  --------------  -------------------  ----------------------
/opt/airflow/dags/news_pipeline_dag.py                           1           0  0.15s           2026-03-24T04:05:14                      12
================================================================================
[2026-03-24T04:06:10.861+0000] {manager.py:997} INFO - 
================================================================================
DAG File Processing Stats

File Path                               PID    Runtime      # DAGs    # Errors  Last Runtime    Last Run               Last # of DB Queries
--------------------------------------  -----  ---------  --------  ----------  --------------  -------------------  ----------------------
/opt/airflow/dags/news_pipeline_dag.py                           1           0  0.18s           2026-03-24T04:05:44                      12
================================================================================
[2026-03-24T04:06:41.155+0000] {manager.py:997} INFO - 
================================================================================
DAG File Processing Stats

File Path                               PID    Runtime      # DAGs    # Errors  Last Runtime    Last Run               Last # of DB Queries
--------------------------------------  -----  ---------  --------  ----------  --------------  -------------------  ----------------------
/opt/airflow/dags/news_pipeline_dag.py                           1           0  0.15s           2026-03-24T04:06:15                      12
================================================================================
[2026-03-24T04:07:11.392+0000] {manager.py:997} INFO - 
================================================================================
DAG File Processing Stats

File Path                               PID    Runtime      # DAGs    # Errors  Last Runtime    Last Run               Last # of DB Queries
--------------------------------------  -----  ---------  --------  ----------  --------------  -------------------  ----------------------
/opt/airflow/dags/news_pipeline_dag.py                           1           0  0.14s           2026-03-24T04:06:45                      12
================================================================================
[2026-03-24T04:07:41.693+0000] {manager.py:997} INFO - 
================================================================================
DAG File Processing Stats

File Path                               PID    Runtime      # DAGs    # Errors  Last Runtime    Last Run               Last # of DB Queries
--------------------------------------  -----  ---------  --------  ----------  --------------  -------------------  ----------------------
/opt/airflow/dags/news_pipeline_dag.py                           1           0  0.17s           2026-03-24T04:07:15                      12
================================================================================
[2026-03-24T04:08:11.947+0000] {manager.py:997} INFO - 
================================================================================
DAG File Processing Stats

File Path                               PID    Runtime      # DAGs    # Errors  Last Runtime    Last Run               Last # of DB Queries
--------------------------------------  -----  ---------  --------  ----------  --------------  -------------------  ----------------------
/opt/airflow/dags/news_pipeline_dag.py                           1           0  0.15s           2026-03-24T04:07:45                      12
================================================================================
[2026-03-24T04:08:42.263+0000] {manager.py:997} INFO - 
================================================================================
DAG File Processing Stats

File Path                               PID    Runtime      # DAGs    # Errors  Last Runtime    Last Run               Last # of DB Queries
--------------------------------------  -----  ---------  --------  ----------  --------------  -------------------  ----------------------
/opt/airflow/dags/news_pipeline_dag.py                           1           0  0.17s           2026-03-24T04:08:16                      12
================================================================================
[2026-03-24T04:09:00.540+0000] {manager.py:821} INFO - Searching for files in /opt/airflow/dags
[2026-03-24T04:09:00.601+0000] {manager.py:824} INFO - There are 1 files in /opt/airflow/dags
[2026-03-24T04:09:12.586+0000] {manager.py:997} INFO - 
================================================================================
DAG File Processing Stats

File Path                               PID    Runtime      # DAGs    # Errors  Last Runtime    Last Run               Last # of DB Queries
--------------------------------------  -----  ---------  --------  ----------  --------------  -------------------  ----------------------
/opt/airflow/dags/news_pipeline_dag.py                           1           0  0.17s           2026-03-24T04:08:46                      12
================================================================================
[2026-03-24T04:09:42.789+0000] {manager.py:997} INFO - 
================================================================================
DAG File Processing Stats

File Path                               PID    Runtime      # DAGs    # Errors  Last Runtime    Last Run               Last # of DB Queries
--------------------------------------  -----  ---------  --------  ----------  --------------  -------------------  ----------------------
/opt/airflow/dags/news_pipeline_dag.py                           1           0  0.14s           2026-03-24T04:09:16                      12
================================================================================
[2026-03-24T04:10:13.066+0000] {manager.py:997} INFO - 
================================================================================
DAG File Processing Stats

File Path                               PID    Runtime      # DAGs    # Errors  Last Runtime    Last Run               Last # of DB Queries
--------------------------------------  -----  ---------  --------  ----------  --------------  -------------------  ----------------------
/opt/airflow/dags/news_pipeline_dag.py                           1           0  0.15s           2026-03-24T04:09:46                      12
================================================================================
[2026-03-24T04:10:43.269+0000] {manager.py:997} INFO - 
================================================================================
DAG File Processing Stats

File Path                               PID    Runtime      # DAGs    # Errors  Last Runtime    Last Run               Last # of DB Queries
--------------------------------------  -----  ---------  --------  ----------  --------------  -------------------  ----------------------
/opt/airflow/dags/news_pipeline_dag.py                           1           0  0.16s           2026-03-24T04:10:17                      12
================================================================================
[2026-03-24T04:11:13.579+0000] {manager.py:997} INFO - 
================================================================================
DAG File Processing Stats

File Path                               PID    Runtime      # DAGs    # Errors  Last Runtime    Last Run               Last # of DB Queries
--------------------------------------  -----  ---------  --------  ----------  --------------  -------------------  ----------------------
/opt/airflow/dags/news_pipeline_dag.py                           1           0  0.18s           2026-03-24T04:10:47                      12
================================================================================
[2026-03-24T04:11:43.790+0000] {manager.py:997} INFO - 
================================================================================
DAG File Processing Stats

File Path                               PID    Runtime      # DAGs    # Errors  Last Runtime    Last Run               Last # of DB Queries
--------------------------------------  -----  ---------  --------  ----------  --------------  -------------------  ----------------------
/opt/airflow/dags/news_pipeline_dag.py                           1           0  0.14s           2026-03-24T04:11:17                      12
================================================================================
[2026-03-24T04:12:14.052+0000] {manager.py:997} INFO - 
================================================================================
DAG File Processing Stats

File Path                               PID    Runtime      # DAGs    # Errors  Last Runtime    Last Run               Last # of DB Queries
--------------------------------------  -----  ---------  --------  ----------  --------------  -------------------  ----------------------
/opt/airflow/dags/news_pipeline_dag.py                           1           0  0.17s           2026-03-24T04:11:48                      12
================================================================================
[2026-03-24T04:12:44.308+0000] {manager.py:997} INFO - 
================================================================================
DAG File Processing Stats

File Path                               PID    Runtime      # DAGs    # Errors  Last Runtime    Last Run               Last # of DB Queries
--------------------------------------  -----  ---------  --------  ----------  --------------  -------------------  ----------------------
/opt/airflow/dags/news_pipeline_dag.py                           1           0  0.17s           2026-03-24T04:12:18                      12
================================================================================
[2026-03-24T04:13:14.606+0000] {manager.py:997} INFO - 
================================================================================
DAG File Processing Stats

File Path                               PID    Runtime      # DAGs    # Errors  Last Runtime    Last Run               Last # of DB Queries
--------------------------------------  -----  ---------  --------  ----------  --------------  -------------------  ----------------------
/opt/airflow/dags/news_pipeline_dag.py                           1           0  0.18s           2026-03-24T04:12:48                      12
================================================================================
[2026-03-24T04:13:44.855+0000] {manager.py:997} INFO - 
================================================================================
DAG File Processing Stats

File Path                               PID    Runtime      # DAGs    # Errors  Last Runtime    Last Run               Last # of DB Queries
--------------------------------------  -----  ---------  --------  ----------  --------------  -------------------  ----------------------
/opt/airflow/dags/news_pipeline_dag.py                           1           0  0.18s           2026-03-24T04:13:18                      12
================================================================================
[2026-03-24T04:14:01.150+0000] {manager.py:821} INFO - Searching for files in /opt/airflow/dags
[2026-03-24T04:14:01.209+0000] {manager.py:824} INFO - There are 1 files in /opt/airflow/dags
[2026-03-24T04:14:15.264+0000] {manager.py:997} INFO - 
================================================================================
DAG File Processing Stats

File Path                               PID    Runtime      # DAGs    # Errors  Last Runtime    Last Run               Last # of DB Queries
--------------------------------------  -----  ---------  --------  ----------  --------------  -------------------  ----------------------
/opt/airflow/dags/news_pipeline_dag.py                           1           0  0.17s           2026-03-24T04:13:49                      12
================================================================================
[2026-03-24T04:14:45.481+0000] {manager.py:997} INFO - 
================================================================================
DAG File Processing Stats

File Path                               PID    Runtime      # DAGs    # Errors  Last Runtime    Last Run               Last # of DB Queries
--------------------------------------  -----  ---------  --------  ----------  --------------  -------------------  ----------------------
/opt/airflow/dags/news_pipeline_dag.py                           1           0  0.19s           2026-03-24T04:14:19                      12
================================================================================
[2026-03-24T04:15:15.871+0000] {manager.py:997} INFO - 
================================================================================
DAG File Processing Stats

File Path                               PID    Runtime      # DAGs    # Errors  Last Runtime    Last Run               Last # of DB Queries
--------------------------------------  -----  ---------  --------  ----------  --------------  -------------------  ----------------------
/opt/airflow/dags/news_pipeline_dag.py                           1           0  0.22s           2026-03-24T04:14:49                      12
================================================================================
[2026-03-24T04:15:45.778+0000] {manager.py:997} INFO - 
================================================================================
DAG File Processing Stats

File Path                               PID    Runtime      # DAGs    # Errors  Last Runtime    Last Run               Last # of DB Queries
--------------------------------------  -----  ---------  --------  ----------  --------------  -------------------  ----------------------
/opt/airflow/dags/news_pipeline_dag.py                           1           0  0.14s           2026-03-24T04:15:20                      12
================================================================================
[2026-03-24T04:16:16.096+0000] {manager.py:997} INFO - 
================================================================================
DAG File Processing Stats

File Path                               PID    Runtime      # DAGs    # Errors  Last Runtime    Last Run               Last # of DB Queries
--------------------------------------  -----  ---------  --------  ----------  --------------  -------------------  ----------------------
/opt/airflow/dags/news_pipeline_dag.py                           1           0  0.17s           2026-03-24T04:15:51                      12
================================================================================
[2026-03-28T13:51:48.233+0000] {manager.py:483} INFO - Processing files using up to 2 processes at a time 
[2026-03-28T13:51:48.235+0000] {manager.py:484} INFO - Process each file at most once every 30 seconds
[2026-03-28T13:51:48.235+0000] {manager.py:485} INFO - Checking for new files in /opt/airflow/dags every 300 seconds
[2026-03-28T13:51:48.236+0000] {manager.py:821} INFO - Searching for files in /opt/airflow/dags
[2026-03-28T13:51:48.281+0000] {manager.py:824} INFO - There are 1 files in /opt/airflow/dags
[2026-03-28T13:51:48.422+0000] {manager.py:997} INFO - 
================================================================================
DAG File Processing Stats

File Path                                 PID  Runtime      # DAGs    # Errors  Last Runtime    Last Run      Last # of DB Queries
--------------------------------------  -----  ---------  --------  ----------  --------------  ----------  ----------------------
/opt/airflow/dags/news_pipeline_dag.py    175  0.07s             0           0                                                   0
================================================================================
[2026-03-28T13:52:18.914+0000] {manager.py:997} INFO - 
================================================================================
DAG File Processing Stats

File Path                               PID    Runtime      # DAGs    # Errors  Last Runtime    Last Run               Last # of DB Queries
--------------------------------------  -----  ---------  --------  ----------  --------------  -------------------  ----------------------
/opt/airflow/dags/news_pipeline_dag.py                           1           0  0.56s           2026-03-28T13:51:48                      34
================================================================================
[2026-03-28T13:52:50.352+0000] {manager.py:997} INFO - 
================================================================================
DAG File Processing Stats

File Path                                 PID  Runtime      # DAGs    # Errors  Last Runtime    Last Run               Last # of DB Queries
--------------------------------------  -----  ---------  --------  ----------  --------------  -------------------  ----------------------
/opt/airflow/dags/news_pipeline_dag.py    214  0.00s             1           0  0.18s           2026-03-28T13:52:19                      12
================================================================================
[2026-03-28T13:53:21.002+0000] {manager.py:997} INFO - 
================================================================================
DAG File Processing Stats

File Path                                 PID  Runtime      # DAGs    # Errors  Last Runtime    Last Run               Last # of DB Queries
--------------------------------------  -----  ---------  --------  ----------  --------------  -------------------  ----------------------
/opt/airflow/dags/news_pipeline_dag.py    219  0.00s             1           0  0.18s           2026-03-28T13:52:50                      12
================================================================================
[2026-03-28T13:53:51.947+0000] {manager.py:997} INFO - 
================================================================================
DAG File Processing Stats

File Path                                 PID  Runtime      # DAGs    # Errors  Last Runtime    Last Run               Last # of DB Queries
--------------------------------------  -----  ---------  --------  ----------  --------------  -------------------  ----------------------
/opt/airflow/dags/news_pipeline_dag.py    224  0.00s             1           0  0.18s           2026-03-28T13:53:21                      12
================================================================================
[2026-03-28T13:54:22.554+0000] {manager.py:997} INFO - 
================================================================================
DAG File Processing Stats

File Path                                 PID  Runtime      # DAGs    # Errors  Last Runtime    Last Run               Last # of DB Queries
--------------------------------------  -----  ---------  --------  ----------  --------------  -------------------  ----------------------
/opt/airflow/dags/news_pipeline_dag.py    229  0.01s             1           0  0.19s           2026-03-28T13:53:52                      12
================================================================================
[2026-03-28T13:54:53.522+0000] {manager.py:997} INFO - 
================================================================================
DAG File Processing Stats

File Path                                 PID  Runtime      # DAGs    # Errors  Last Runtime    Last Run               Last # of DB Queries
--------------------------------------  -----  ---------  --------  ----------  --------------  -------------------  ----------------------
/opt/airflow/dags/news_pipeline_dag.py    234  0.01s             1           0  0.17s           2026-03-28T13:54:22                      12
================================================================================
[2026-03-28T13:55:24.500+0000] {manager.py:997} INFO - 
================================================================================
DAG File Processing Stats

File Path                                 PID  Runtime      # DAGs    # Errors  Last Runtime    Last Run               Last # of DB Queries
--------------------------------------  -----  ---------  --------  ----------  --------------  -------------------  ----------------------
/opt/airflow/dags/news_pipeline_dag.py    239  0.00s             1           0  0.15s           2026-03-28T13:54:53                      12
================================================================================
[2026-03-28T13:55:55.454+0000] {manager.py:997} INFO - 
================================================================================
DAG File Processing Stats

File Path                                 PID  Runtime      # DAGs    # Errors  Last Runtime    Last Run               Last # of DB Queries
--------------------------------------  -----  ---------  --------  ----------  --------------  -------------------  ----------------------
/opt/airflow/dags/news_pipeline_dag.py    244  0.00s             1           0  0.20s           2026-03-28T13:55:24                      12
================================================================================
[2026-03-28T13:56:26.159+0000] {manager.py:997} INFO - 
================================================================================
DAG File Processing Stats

File Path                                 PID  Runtime      # DAGs    # Errors  Last Runtime    Last Run               Last # of DB Queries
--------------------------------------  -----  ---------  --------  ----------  --------------  -------------------  ----------------------
/opt/airflow/dags/news_pipeline_dag.py    249  0.00s             1           0  0.15s           2026-03-28T13:55:55                      12
================================================================================
[2026-03-28T13:56:48.596+0000] {manager.py:821} INFO - Searching for files in /opt/airflow/dags
[2026-03-28T13:56:48.633+0000] {manager.py:824} INFO - There are 1 files in /opt/airflow/dags
[2026-03-28T13:56:56.714+0000] {manager.py:997} INFO - 
================================================================================
DAG File Processing Stats

File Path                                 PID  Runtime      # DAGs    # Errors  Last Runtime    Last Run               Last # of DB Queries
--------------------------------------  -----  ---------  --------  ----------  --------------  -------------------  ----------------------
/opt/airflow/dags/news_pipeline_dag.py    254  0.01s             1           0  0.16s           2026-03-28T13:56:26                      12
================================================================================
[2026-03-28T13:57:27.736+0000] {manager.py:997} INFO - 
================================================================================
DAG File Processing Stats

File Path                                 PID  Runtime      # DAGs    # Errors  Last Runtime    Last Run               Last # of DB Queries
--------------------------------------  -----  ---------  --------  ----------  --------------  -------------------  ----------------------
/opt/airflow/dags/news_pipeline_dag.py    259  0.00s             1           0  0.15s           2026-03-28T13:56:56                      12
================================================================================
[2026-03-28T13:57:58.329+0000] {manager.py:997} INFO - 
================================================================================
DAG File Processing Stats

File Path                                 PID  Runtime      # DAGs    # Errors  Last Runtime    Last Run               Last # of DB Queries
--------------------------------------  -----  ---------  --------  ----------  --------------  -------------------  ----------------------
/opt/airflow/dags/news_pipeline_dag.py    264  0.00s             1           0  0.15s           2026-03-28T13:57:27                      12
================================================================================
[2026-03-28T13:58:28.858+0000] {manager.py:997} INFO - 
================================================================================
DAG File Processing Stats

File Path                                 PID  Runtime      # DAGs    # Errors  Last Runtime    Last Run               Last # of DB Queries
--------------------------------------  -----  ---------  --------  ----------  --------------  -------------------  ----------------------
/opt/airflow/dags/news_pipeline_dag.py    269  0.00s             1           0  0.14s           2026-03-28T13:57:58                      12
================================================================================
[2026-03-28T13:58:59.876+0000] {manager.py:997} INFO - 
================================================================================
DAG File Processing Stats

File Path                                 PID  Runtime      # DAGs    # Errors  Last Runtime    Last Run               Last # of DB Queries
--------------------------------------  -----  ---------  --------  ----------  --------------  -------------------  ----------------------
/opt/airflow/dags/news_pipeline_dag.py    274  0.00s             1           0  0.19s           2026-03-28T13:58:29                      12
================================================================================
[2026-03-28T13:59:30.418+0000] {manager.py:997} INFO - 
================================================================================
DAG File Processing Stats

File Path                                 PID  Runtime      # DAGs    # Errors  Last Runtime    Last Run               Last # of DB Queries
--------------------------------------  -----  ---------  --------  ----------  --------------  -------------------  ----------------------
/opt/airflow/dags/news_pipeline_dag.py    279  0.01s             1           0  0.16s           2026-03-28T13:59:00                      12
================================================================================
[2026-04-02T06:05:45.131+0000] {manager.py:483} INFO - Processing files using up to 2 processes at a time 
[2026-04-02T06:05:45.133+0000] {manager.py:484} INFO - Process each file at most once every 30 seconds
[2026-04-02T06:05:45.134+0000] {manager.py:485} INFO - Checking for new files in /opt/airflow/dags every 300 seconds
[2026-04-02T06:05:45.135+0000] {manager.py:821} INFO - Searching for files in /opt/airflow/dags
[2026-04-02T06:05:45.180+0000] {manager.py:824} INFO - There are 1 files in /opt/airflow/dags
[2026-04-02T06:05:45.262+0000] {manager.py:997} INFO - 
================================================================================
DAG File Processing Stats

File Path                                 PID  Runtime      # DAGs    # Errors  Last Runtime    Last Run      Last # of DB Queries
--------------------------------------  -----  ---------  --------  ----------  --------------  ----------  ----------------------
/opt/airflow/dags/news_pipeline_dag.py    176  0.03s             0           0                                                   0
================================================================================
[2026-04-02T06:06:16.189+0000] {manager.py:997} INFO - 
================================================================================
DAG File Processing Stats

File Path                                 PID  Runtime      # DAGs    # Errors  Last Runtime    Last Run               Last # of DB Queries
--------------------------------------  -----  ---------  --------  ----------  --------------  -------------------  ----------------------
/opt/airflow/dags/news_pipeline_dag.py    182  0.00s             1           0  0.37s           2026-04-02T06:05:45                      34
================================================================================
[2026-04-02T06:06:47.452+0000] {manager.py:997} INFO - 
================================================================================
DAG File Processing Stats

File Path                               PID    Runtime      # DAGs    # Errors  Last Runtime    Last Run               Last # of DB Queries
--------------------------------------  -----  ---------  --------  ----------  --------------  -------------------  ----------------------
/opt/airflow/dags/news_pipeline_dag.py                           1           0  0.11s           2026-04-02T06:06:46                      12
================================================================================
[2026-04-02T06:07:18.567+0000] {manager.py:997} INFO - 
================================================================================
DAG File Processing Stats

File Path                               PID    Runtime      # DAGs    # Errors  Last Runtime    Last Run               Last # of DB Queries
--------------------------------------  -----  ---------  --------  ----------  --------------  -------------------  ----------------------
/opt/airflow/dags/news_pipeline_dag.py                           1           0  0.12s           2026-04-02T06:07:17                      12
================================================================================
[2026-04-02T06:07:49.672+0000] {manager.py:997} INFO - 
================================================================================
DAG File Processing Stats

File Path                               PID    Runtime      # DAGs    # Errors  Last Runtime    Last Run               Last # of DB Queries
--------------------------------------  -----  ---------  --------  ----------  --------------  -------------------  ----------------------
/opt/airflow/dags/news_pipeline_dag.py                           1           0  0.12s           2026-04-02T06:07:47                      12
================================================================================
[2026-04-02T06:08:20.155+0000] {manager.py:997} INFO - 
================================================================================
DAG File Processing Stats

File Path                               PID    Runtime      # DAGs    # Errors  Last Runtime    Last Run               Last # of DB Queries
--------------------------------------  -----  ---------  --------  ----------  --------------  -------------------  ----------------------
/opt/airflow/dags/news_pipeline_dag.py                           1           0  0.13s           2026-04-02T06:08:18                      12
================================================================================
[2026-04-02T06:08:51.392+0000] {manager.py:997} INFO - 
================================================================================
DAG File Processing Stats

File Path                               PID    Runtime      # DAGs    # Errors  Last Runtime    Last Run               Last # of DB Queries
--------------------------------------  -----  ---------  --------  ----------  --------------  -------------------  ----------------------
/opt/airflow/dags/news_pipeline_dag.py                           1           0  0.15s           2026-04-02T06:08:48                      12
================================================================================
[2026-04-02T06:09:22.494+0000] {manager.py:997} INFO - 
================================================================================
DAG File Processing Stats

File Path                               PID    Runtime      # DAGs    # Errors  Last Runtime    Last Run               Last # of DB Queries
--------------------------------------  -----  ---------  --------  ----------  --------------  -------------------  ----------------------
/opt/airflow/dags/news_pipeline_dag.py                           1           0  0.14s           2026-04-02T06:09:19                      12
================================================================================
[2026-04-02T06:09:53.454+0000] {manager.py:997} INFO - 
================================================================================
DAG File Processing Stats

File Path                               PID    Runtime      # DAGs    # Errors  Last Runtime    Last Run               Last # of DB Queries
--------------------------------------  -----  ---------  --------  ----------  --------------  -------------------  ----------------------
/opt/airflow/dags/news_pipeline_dag.py                           1           0  0.13s           2026-04-02T06:09:50                      12
================================================================================
[2026-04-02T06:10:24.508+0000] {manager.py:997} INFO - 
================================================================================
DAG File Processing Stats

File Path                               PID    Runtime      # DAGs    # Errors  Last Runtime    Last Run               Last # of DB Queries
--------------------------------------  -----  ---------  --------  ----------  --------------  -------------------  ----------------------
/opt/airflow/dags/news_pipeline_dag.py                           1           0  0.12s           2026-04-02T06:10:21                      12
================================================================================
[2026-04-02T06:10:45.654+0000] {manager.py:821} INFO - Searching for files in /opt/airflow/dags
[2026-04-02T06:10:45.690+0000] {manager.py:824} INFO - There are 1 files in /opt/airflow/dags
[2026-04-02T06:10:55.502+0000] {manager.py:997} INFO - 
================================================================================
DAG File Processing Stats

File Path                               PID    Runtime      # DAGs    # Errors  Last Runtime    Last Run               Last # of DB Queries
--------------------------------------  -----  ---------  --------  ----------  --------------  -------------------  ----------------------
/opt/airflow/dags/news_pipeline_dag.py                           1           0  0.12s           2026-04-02T06:10:52                      12
================================================================================
[2026-04-02T06:11:26.531+0000] {manager.py:997} INFO - 
================================================================================
DAG File Processing Stats

File Path                               PID    Runtime      # DAGs    # Errors  Last Runtime    Last Run               Last # of DB Queries
--------------------------------------  -----  ---------  --------  ----------  --------------  -------------------  ----------------------
/opt/airflow/dags/news_pipeline_dag.py                           1           0  0.16s           2026-04-02T06:11:23                      12
================================================================================
[2026-04-02T06:11:57.562+0000] {manager.py:997} INFO - 
================================================================================
DAG File Processing Stats

File Path                               PID    Runtime      # DAGs    # Errors  Last Runtime    Last Run               Last # of DB Queries
--------------------------------------  -----  ---------  --------  ----------  --------------  -------------------  ----------------------
/opt/airflow/dags/news_pipeline_dag.py                           1           0  0.14s           2026-04-02T06:11:54                      12
================================================================================
[2026-04-02T06:12:28.811+0000] {manager.py:997} INFO - 
================================================================================
DAG File Processing Stats

File Path                               PID    Runtime      # DAGs    # Errors  Last Runtime    Last Run               Last # of DB Queries
--------------------------------------  -----  ---------  --------  ----------  --------------  -------------------  ----------------------
/opt/airflow/dags/news_pipeline_dag.py                           1           0  0.12s           2026-04-02T06:12:24                      12
================================================================================
[2026-04-02T06:13:00.268+0000] {manager.py:997} INFO - 
================================================================================
DAG File Processing Stats

File Path                               PID    Runtime      # DAGs    # Errors  Last Runtime    Last Run               Last # of DB Queries
--------------------------------------  -----  ---------  --------  ----------  --------------  -------------------  ----------------------
/opt/airflow/dags/news_pipeline_dag.py                           1           0  0.13s           2026-04-02T06:12:55                      12
================================================================================
[2026-04-02T06:13:31.612+0000] {manager.py:997} INFO - 
================================================================================
DAG File Processing Stats

File Path                               PID    Runtime      # DAGs    # Errors  Last Runtime    Last Run               Last # of DB Queries
--------------------------------------  -----  ---------  --------  ----------  --------------  -------------------  ----------------------
/opt/airflow/dags/news_pipeline_dag.py                           1           0  0.13s           2026-04-02T06:13:25                      12
================================================================================
[2026-04-02T06:14:02.812+0000] {manager.py:997} INFO - 
================================================================================
DAG File Processing Stats

File Path                               PID    Runtime      # DAGs    # Errors  Last Runtime    Last Run               Last # of DB Queries
--------------------------------------  -----  ---------  --------  ----------  --------------  -------------------  ----------------------
/opt/airflow/dags/news_pipeline_dag.py                           1           0  0.12s           2026-04-02T06:13:55                      12
================================================================================
[2026-04-02T06:14:34.229+0000] {manager.py:997} INFO - 
================================================================================
DAG File Processing Stats

File Path                               PID    Runtime      # DAGs    # Errors  Last Runtime    Last Run               Last # of DB Queries
--------------------------------------  -----  ---------  --------  ----------  --------------  -------------------  ----------------------
/opt/airflow/dags/news_pipeline_dag.py                           1           0  0.13s           2026-04-02T06:14:26                      12
================================================================================
[2026-04-02T06:15:05.709+0000] {manager.py:997} INFO - 
================================================================================
DAG File Processing Stats

File Path                               PID    Runtime      # DAGs    # Errors  Last Runtime    Last Run               Last # of DB Queries
--------------------------------------  -----  ---------  --------  ----------  --------------  -------------------  ----------------------
/opt/airflow/dags/news_pipeline_dag.py                           1           0  0.14s           2026-04-02T06:14:57                      12
================================================================================
[2026-04-02T06:15:37.031+0000] {manager.py:997} INFO - 
================================================================================
DAG File Processing Stats

File Path                               PID    Runtime      # DAGs    # Errors  Last Runtime    Last Run               Last # of DB Queries
--------------------------------------  -----  ---------  --------  ----------  --------------  -------------------  ----------------------
/opt/airflow/dags/news_pipeline_dag.py                           1           0  0.11s           2026-04-02T06:15:29                      12
================================================================================
[2026-04-02T06:15:46.122+0000] {manager.py:821} INFO - Searching for files in /opt/airflow/dags
[2026-04-02T06:15:46.156+0000] {manager.py:824} INFO - There are 1 files in /opt/airflow/dags
[2026-04-02T06:16:08.380+0000] {manager.py:997} INFO - 
================================================================================
DAG File Processing Stats

File Path                               PID    Runtime      # DAGs    # Errors  Last Runtime    Last Run               Last # of DB Queries
--------------------------------------  -----  ---------  --------  ----------  --------------  -------------------  ----------------------
/opt/airflow/dags/news_pipeline_dag.py                           1           0  0.11s           2026-04-02T06:15:59                      12
================================================================================
[2026-04-02T06:16:39.697+0000] {manager.py:997} INFO - 
================================================================================
DAG File Processing Stats

File Path                               PID    Runtime      # DAGs    # Errors  Last Runtime    Last Run               Last # of DB Queries
--------------------------------------  -----  ---------  --------  ----------  --------------  -------------------  ----------------------
/opt/airflow/dags/news_pipeline_dag.py                           1           0  0.20s           2026-04-02T06:16:30                      12
================================================================================
[2026-04-02T06:17:11.020+0000] {manager.py:997} INFO - 
================================================================================
DAG File Processing Stats

File Path                               PID    Runtime      # DAGs    # Errors  Last Runtime    Last Run               Last # of DB Queries
--------------------------------------  -----  ---------  --------  ----------  --------------  -------------------  ----------------------
/opt/airflow/dags/news_pipeline_dag.py                           1           0  0.11s           2026-04-02T06:17:01                      12
================================================================================
[2026-04-02T06:17:42.272+0000] {manager.py:997} INFO - 
================================================================================
DAG File Processing Stats

File Path                               PID    Runtime      # DAGs    # Errors  Last Runtime    Last Run               Last # of DB Queries
--------------------------------------  -----  ---------  --------  ----------  --------------  -------------------  ----------------------
/opt/airflow/dags/news_pipeline_dag.py                           1           0  0.16s           2026-04-02T06:17:32                      12
================================================================================
[2026-04-02T06:18:13.646+0000] {manager.py:997} INFO - 
================================================================================
DAG File Processing Stats

File Path                               PID    Runtime      # DAGs    # Errors  Last Runtime    Last Run               Last # of DB Queries
--------------------------------------  -----  ---------  --------  ----------  --------------  -------------------  ----------------------
/opt/airflow/dags/news_pipeline_dag.py                           1           0  0.13s           2026-04-02T06:18:03                      12
================================================================================
[2026-04-02T06:18:44.969+0000] {manager.py:997} INFO - 
================================================================================
DAG File Processing Stats

File Path                               PID    Runtime      # DAGs    # Errors  Last Runtime    Last Run               Last # of DB Queries
--------------------------------------  -----  ---------  --------  ----------  --------------  -------------------  ----------------------
/opt/airflow/dags/news_pipeline_dag.py                           1           0  0.14s           2026-04-02T06:18:34                      12
================================================================================
[2026-04-02T06:19:16.323+0000] {manager.py:997} INFO - 
================================================================================
DAG File Processing Stats

File Path                               PID    Runtime      # DAGs    # Errors  Last Runtime    Last Run               Last # of DB Queries
--------------------------------------  -----  ---------  --------  ----------  --------------  -------------------  ----------------------
/opt/airflow/dags/news_pipeline_dag.py                           1           0  0.11s           2026-04-02T06:19:05                      12
================================================================================
[2026-04-02T06:19:47.692+0000] {manager.py:997} INFO - 
================================================================================
DAG File Processing Stats

File Path                               PID    Runtime      # DAGs    # Errors  Last Runtime    Last Run               Last # of DB Queries
--------------------------------------  -----  ---------  --------  ----------  --------------  -------------------  ----------------------
/opt/airflow/dags/news_pipeline_dag.py                           1           0  0.11s           2026-04-02T06:19:36                      12
================================================================================
[2026-04-02T06:20:19.097+0000] {manager.py:997} INFO - 
================================================================================
DAG File Processing Stats

File Path                               PID    Runtime      # DAGs    # Errors  Last Runtime    Last Run               Last # of DB Queries
--------------------------------------  -----  ---------  --------  ----------  --------------  -------------------  ----------------------
/opt/airflow/dags/news_pipeline_dag.py                           1           0  0.14s           2026-04-02T06:20:07                      12
================================================================================
[2026-04-02T06:20:46.359+0000] {manager.py:821} INFO - Searching for files in /opt/airflow/dags
[2026-04-02T06:20:46.422+0000] {manager.py:824} INFO - There are 1 files in /opt/airflow/dags
[2026-04-02T06:20:50.465+0000] {manager.py:997} INFO - 
================================================================================
DAG File Processing Stats

File Path                               PID    Runtime      # DAGs    # Errors  Last Runtime    Last Run               Last # of DB Queries
--------------------------------------  -----  ---------  --------  ----------  --------------  -------------------  ----------------------
/opt/airflow/dags/news_pipeline_dag.py                           1           0  0.16s           2026-04-02T06:20:38                      12
================================================================================
[2026-04-02T06:21:21.795+0000] {manager.py:997} INFO - 
================================================================================
DAG File Processing Stats

File Path                               PID    Runtime      # DAGs    # Errors  Last Runtime    Last Run               Last # of DB Queries
--------------------------------------  -----  ---------  --------  ----------  --------------  -------------------  ----------------------
/opt/airflow/dags/news_pipeline_dag.py                           1           0  0.13s           2026-04-02T06:21:09                      12
================================================================================
[2026-04-02T06:21:53.185+0000] {manager.py:997} INFO - 
================================================================================
DAG File Processing Stats

File Path                               PID    Runtime      # DAGs    # Errors  Last Runtime    Last Run               Last # of DB Queries
--------------------------------------  -----  ---------  --------  ----------  --------------  -------------------  ----------------------
/opt/airflow/dags/news_pipeline_dag.py                           1           0  0.13s           2026-04-02T06:21:40                      12
================================================================================
[2026-04-02T06:22:24.569+0000] {manager.py:997} INFO - 
================================================================================
DAG File Processing Stats

File Path                               PID    Runtime      # DAGs    # Errors  Last Runtime    Last Run               Last # of DB Queries
--------------------------------------  -----  ---------  --------  ----------  --------------  -------------------  ----------------------
/opt/airflow/dags/news_pipeline_dag.py                           1           0  0.14s           2026-04-02T06:22:11                      12
================================================================================
[2026-04-02T06:22:55.913+0000] {manager.py:997} INFO - 
================================================================================
DAG File Processing Stats

File Path                               PID    Runtime      # DAGs    # Errors  Last Runtime    Last Run               Last # of DB Queries
--------------------------------------  -----  ---------  --------  ----------  --------------  -------------------  ----------------------
/opt/airflow/dags/news_pipeline_dag.py                           1           0  0.12s           2026-04-02T06:22:42                      12
================================================================================
[2026-04-02T06:23:27.254+0000] {manager.py:997} INFO - 
================================================================================
DAG File Processing Stats

File Path                               PID    Runtime      # DAGs    # Errors  Last Runtime    Last Run               Last # of DB Queries
--------------------------------------  -----  ---------  --------  ----------  --------------  -------------------  ----------------------
/opt/airflow/dags/news_pipeline_dag.py                           1           0  0.13s           2026-04-02T06:23:13                      12
================================================================================
[2026-04-02T06:23:59.403+0000] {manager.py:997} INFO - 
================================================================================
DAG File Processing Stats

File Path                               PID    Runtime      # DAGs    # Errors  Last Runtime    Last Run               Last # of DB Queries
--------------------------------------  -----  ---------  --------  ----------  --------------  -------------------  ----------------------
/opt/airflow/dags/news_pipeline_dag.py                           1           0  0.11s           2026-04-02T06:23:43                      12
================================================================================
[2026-04-02T06:24:30.049+0000] {manager.py:997} INFO - 
================================================================================
DAG File Processing Stats

File Path                               PID    Runtime      # DAGs    # Errors  Last Runtime    Last Run               Last # of DB Queries
--------------------------------------  -----  ---------  --------  ----------  --------------  -------------------  ----------------------
/opt/airflow/dags/news_pipeline_dag.py                           1           0  0.78s           2026-04-02T06:24:15                      12
================================================================================
[2026-04-02T06:25:01.559+0000] {manager.py:997} INFO - 
================================================================================
DAG File Processing Stats

File Path                               PID    Runtime      # DAGs    # Errors  Last Runtime    Last Run               Last # of DB Queries
--------------------------------------  -----  ---------  --------  ----------  --------------  -------------------  ----------------------
/opt/airflow/dags/news_pipeline_dag.py                           1           0  0.13s           2026-04-02T06:24:46                      12
================================================================================
[2026-04-02T06:25:32.955+0000] {manager.py:997} INFO - 
================================================================================
DAG File Processing Stats

File Path                               PID    Runtime      # DAGs    # Errors  Last Runtime    Last Run               Last # of DB Queries
--------------------------------------  -----  ---------  --------  ----------  --------------  -------------------  ----------------------
/opt/airflow/dags/news_pipeline_dag.py                           1           0  0.10s           2026-04-02T06:25:17                      12
================================================================================
[2026-04-02T06:25:47.571+0000] {manager.py:821} INFO - Searching for files in /opt/airflow/dags
[2026-04-02T06:25:48.282+0000] {manager.py:824} INFO - There are 1 files in /opt/airflow/dags
[2026-04-02T06:26:04.477+0000] {manager.py:997} INFO - 
================================================================================
DAG File Processing Stats

File Path                               PID    Runtime      # DAGs    # Errors  Last Runtime    Last Run               Last # of DB Queries
--------------------------------------  -----  ---------  --------  ----------  --------------  -------------------  ----------------------
/opt/airflow/dags/news_pipeline_dag.py                           1           0  0.13s           2026-04-02T06:25:48                      12
================================================================================
[2026-04-02T06:26:35.959+0000] {manager.py:997} INFO - 
================================================================================
DAG File Processing Stats

File Path                               PID    Runtime      # DAGs    # Errors  Last Runtime    Last Run               Last # of DB Queries
--------------------------------------  -----  ---------  --------  ----------  --------------  -------------------  ----------------------
/opt/airflow/dags/news_pipeline_dag.py                           1           0  0.10s           2026-04-02T06:26:19                      12
================================================================================
[2026-04-02T06:27:07.375+0000] {manager.py:997} INFO - 
================================================================================
DAG File Processing Stats

File Path                               PID    Runtime      # DAGs    # Errors  Last Runtime    Last Run               Last # of DB Queries
--------------------------------------  -----  ---------  --------  ----------  --------------  -------------------  ----------------------
/opt/airflow/dags/news_pipeline_dag.py                           1           0  0.11s           2026-04-02T06:26:51                      12
================================================================================
[2026-04-02T06:27:38.885+0000] {manager.py:997} INFO - 
================================================================================
DAG File Processing Stats

File Path                               PID    Runtime      # DAGs    # Errors  Last Runtime    Last Run               Last # of DB Queries
--------------------------------------  -----  ---------  --------  ----------  --------------  -------------------  ----------------------
/opt/airflow/dags/news_pipeline_dag.py                           1           0  0.12s           2026-04-02T06:27:21                      12
================================================================================
[2026-04-02T06:28:10.212+0000] {manager.py:997} INFO - 
================================================================================
DAG File Processing Stats

File Path                               PID    Runtime      # DAGs    # Errors  Last Runtime    Last Run               Last # of DB Queries
--------------------------------------  -----  ---------  --------  ----------  --------------  -------------------  ----------------------
/opt/airflow/dags/news_pipeline_dag.py                           1           0  0.14s           2026-04-02T06:27:53                      12
================================================================================
[2026-04-02T06:28:41.722+0000] {manager.py:997} INFO - 
================================================================================
DAG File Processing Stats

File Path                               PID    Runtime      # DAGs    # Errors  Last Runtime    Last Run               Last # of DB Queries
--------------------------------------  -----  ---------  --------  ----------  --------------  -------------------  ----------------------
/opt/airflow/dags/news_pipeline_dag.py                           1           0  0.15s           2026-04-02T06:28:24                      12
================================================================================
[2026-04-02T06:29:13.193+0000] {manager.py:997} INFO - 
================================================================================
DAG File Processing Stats

File Path                               PID    Runtime      # DAGs    # Errors  Last Runtime    Last Run               Last # of DB Queries
--------------------------------------  -----  ---------  --------  ----------  --------------  -------------------  ----------------------
/opt/airflow/dags/news_pipeline_dag.py                           1           0  0.10s           2026-04-02T06:28:55                      12
================================================================================
[2026-04-02T06:29:44.775+0000] {manager.py:997} INFO - 
================================================================================
DAG File Processing Stats

File Path                               PID    Runtime      # DAGs    # Errors  Last Runtime    Last Run               Last # of DB Queries
--------------------------------------  -----  ---------  --------  ----------  --------------  -------------------  ----------------------
/opt/airflow/dags/news_pipeline_dag.py                           1           0  0.10s           2026-04-02T06:29:26                      12
================================================================================
[2026-04-02T06:30:16.020+0000] {manager.py:997} INFO - 
================================================================================
DAG File Processing Stats

File Path                               PID    Runtime      # DAGs    # Errors  Last Runtime    Last Run               Last # of DB Queries
--------------------------------------  -----  ---------  --------  ----------  --------------  -------------------  ----------------------
/opt/airflow/dags/news_pipeline_dag.py                           1           0  0.16s           2026-04-02T06:29:58                      12
================================================================================
[2026-04-02T06:30:47.534+0000] {manager.py:997} INFO - 
================================================================================
DAG File Processing Stats

File Path                               PID    Runtime      # DAGs    # Errors  Last Runtime    Last Run               Last # of DB Queries
--------------------------------------  -----  ---------  --------  ----------  --------------  -------------------  ----------------------
/opt/airflow/dags/news_pipeline_dag.py                           1           0  0.11s           2026-04-02T06:30:28                      12
================================================================================
[2026-04-02T06:30:48.538+0000] {manager.py:821} INFO - Searching for files in /opt/airflow/dags
[2026-04-02T06:30:48.575+0000] {manager.py:824} INFO - There are 1 files in /opt/airflow/dags
[2026-04-02T06:31:19.023+0000] {manager.py:997} INFO - 
================================================================================
DAG File Processing Stats

File Path                               PID    Runtime      # DAGs    # Errors  Last Runtime    Last Run               Last # of DB Queries
--------------------------------------  -----  ---------  --------  ----------  --------------  -------------------  ----------------------
/opt/airflow/dags/news_pipeline_dag.py                           1           0  0.14s           2026-04-02T06:30:59                      12
================================================================================
[2026-04-02T06:31:50.553+0000] {manager.py:997} INFO - 
================================================================================
DAG File Processing Stats

File Path                               PID    Runtime      # DAGs    # Errors  Last Runtime    Last Run               Last # of DB Queries
--------------------------------------  -----  ---------  --------  ----------  --------------  -------------------  ----------------------
/opt/airflow/dags/news_pipeline_dag.py                           1           0  0.12s           2026-04-02T06:31:30                      12
================================================================================
[2026-04-02T06:32:21.929+0000] {manager.py:997} INFO - 
================================================================================
DAG File Processing Stats

File Path                               PID    Runtime      # DAGs    # Errors  Last Runtime    Last Run               Last # of DB Queries
--------------------------------------  -----  ---------  --------  ----------  --------------  -------------------  ----------------------
/opt/airflow/dags/news_pipeline_dag.py                           1           0  0.14s           2026-04-02T06:32:01                      12
================================================================================
[2026-04-02T06:32:53.364+0000] {manager.py:997} INFO - 
================================================================================
DAG File Processing Stats

File Path                               PID    Runtime      # DAGs    # Errors  Last Runtime    Last Run               Last # of DB Queries
--------------------------------------  -----  ---------  --------  ----------  --------------  -------------------  ----------------------
/opt/airflow/dags/news_pipeline_dag.py                           1           0  0.12s           2026-04-02T06:32:33                      12
================================================================================
[2026-04-02T06:33:24.800+0000] {manager.py:997} INFO - 
================================================================================
DAG File Processing Stats

File Path                               PID    Runtime      # DAGs    # Errors  Last Runtime    Last Run               Last # of DB Queries
--------------------------------------  -----  ---------  --------  ----------  --------------  -------------------  ----------------------
/opt/airflow/dags/news_pipeline_dag.py                           1           0  0.10s           2026-04-02T06:33:03                      12
================================================================================
[2026-04-02T06:33:56.279+0000] {manager.py:997} INFO - 
================================================================================
DAG File Processing Stats

File Path                               PID    Runtime      # DAGs    # Errors  Last Runtime    Last Run               Last # of DB Queries
--------------------------------------  -----  ---------  --------  ----------  --------------  -------------------  ----------------------
/opt/airflow/dags/news_pipeline_dag.py                           1           0  0.13s           2026-04-02T06:33:35                      12
================================================================================
[2026-04-02T06:34:27.816+0000] {manager.py:997} INFO - 
================================================================================
DAG File Processing Stats

File Path                               PID    Runtime      # DAGs    # Errors  Last Runtime    Last Run               Last # of DB Queries
--------------------------------------  -----  ---------  --------  ----------  --------------  -------------------  ----------------------
/opt/airflow/dags/news_pipeline_dag.py                           1           0  0.21s           2026-04-02T06:34:06                      12
================================================================================
[2026-04-02T06:34:59.242+0000] {manager.py:997} INFO - 
================================================================================
DAG File Processing Stats

File Path                               PID    Runtime      # DAGs    # Errors  Last Runtime    Last Run               Last # of DB Queries
--------------------------------------  -----  ---------  --------  ----------  --------------  -------------------  ----------------------
/opt/airflow/dags/news_pipeline_dag.py                           1           0  0.14s           2026-04-02T06:34:37                      12
================================================================================
[2026-04-02T06:35:30.748+0000] {manager.py:997} INFO - 
================================================================================
DAG File Processing Stats

File Path                               PID    Runtime      # DAGs    # Errors  Last Runtime    Last Run               Last # of DB Queries
--------------------------------------  -----  ---------  --------  ----------  --------------  -------------------  ----------------------
/opt/airflow/dags/news_pipeline_dag.py                           1           0  0.14s           2026-04-02T06:35:08                      12
================================================================================
[2026-04-02T06:35:49.024+0000] {manager.py:821} INFO - Searching for files in /opt/airflow/dags
[2026-04-02T06:35:49.049+0000] {manager.py:824} INFO - There are 1 files in /opt/airflow/dags
[2026-04-02T06:36:02.227+0000] {manager.py:997} INFO - 
================================================================================
DAG File Processing Stats

File Path                               PID    Runtime      # DAGs    # Errors  Last Runtime    Last Run               Last # of DB Queries
--------------------------------------  -----  ---------  --------  ----------  --------------  -------------------  ----------------------
/opt/airflow/dags/news_pipeline_dag.py                           1           0  0.12s           2026-04-02T06:35:40                      12
================================================================================
[2026-04-02T06:36:33.726+0000] {manager.py:997} INFO - 
================================================================================
DAG File Processing Stats

File Path                               PID    Runtime      # DAGs    # Errors  Last Runtime    Last Run               Last # of DB Queries
--------------------------------------  -----  ---------  --------  ----------  --------------  -------------------  ----------------------
/opt/airflow/dags/news_pipeline_dag.py                           1           0  0.12s           2026-04-02T06:36:10                      12
================================================================================
[2026-04-02T06:37:05.158+0000] {manager.py:997} INFO - 
================================================================================
DAG File Processing Stats

File Path                               PID    Runtime      # DAGs    # Errors  Last Runtime    Last Run               Last # of DB Queries
--------------------------------------  -----  ---------  --------  ----------  --------------  -------------------  ----------------------
/opt/airflow/dags/news_pipeline_dag.py                           1           0  0.13s           2026-04-02T06:36:42                      12
================================================================================
[2026-04-02T06:37:36.690+0000] {manager.py:997} INFO - 
================================================================================
DAG File Processing Stats

File Path                               PID    Runtime      # DAGs    # Errors  Last Runtime    Last Run               Last # of DB Queries
--------------------------------------  -----  ---------  --------  ----------  --------------  -------------------  ----------------------
/opt/airflow/dags/news_pipeline_dag.py                           1           0  0.12s           2026-04-02T06:37:12                      12
================================================================================
[2026-04-02T06:38:08.186+0000] {manager.py:997} INFO - 
================================================================================
DAG File Processing Stats

File Path                               PID    Runtime      # DAGs    # Errors  Last Runtime    Last Run               Last # of DB Queries
--------------------------------------  -----  ---------  --------  ----------  --------------  -------------------  ----------------------
/opt/airflow/dags/news_pipeline_dag.py                           1           0  0.11s           2026-04-02T06:37:43                      12
================================================================================
[2026-04-02T06:38:39.597+0000] {manager.py:997} INFO - 
================================================================================
DAG File Processing Stats

File Path                               PID    Runtime      # DAGs    # Errors  Last Runtime    Last Run               Last # of DB Queries
--------------------------------------  -----  ---------  --------  ----------  --------------  -------------------  ----------------------
/opt/airflow/dags/news_pipeline_dag.py                           1           0  0.11s           2026-04-02T06:38:15                      12
================================================================================
[2026-04-02T06:39:11.142+0000] {manager.py:997} INFO - 
================================================================================
DAG File Processing Stats

File Path                               PID    Runtime      # DAGs    # Errors  Last Runtime    Last Run               Last # of DB Queries
--------------------------------------  -----  ---------  --------  ----------  --------------  -------------------  ----------------------
/opt/airflow/dags/news_pipeline_dag.py                           1           0  0.14s           2026-04-02T06:38:46                      12
================================================================================
[2026-04-02T06:39:42.642+0000] {manager.py:997} INFO - 
================================================================================
DAG File Processing Stats

File Path                               PID    Runtime      # DAGs    # Errors  Last Runtime    Last Run               Last # of DB Queries
--------------------------------------  -----  ---------  --------  ----------  --------------  -------------------  ----------------------
/opt/airflow/dags/news_pipeline_dag.py                           1           0  0.14s           2026-04-02T06:39:17                      12
================================================================================
[2026-04-02T06:40:14.142+0000] {manager.py:997} INFO - 
================================================================================
DAG File Processing Stats

File Path                               PID    Runtime      # DAGs    # Errors  Last Runtime    Last Run               Last # of DB Queries
--------------------------------------  -----  ---------  --------  ----------  --------------  -------------------  ----------------------
/opt/airflow/dags/news_pipeline_dag.py                           1           0  0.14s           2026-04-02T06:39:49                      12
================================================================================
[2026-04-02T06:40:44.944+0000] {manager.py:997} INFO - 
================================================================================
DAG File Processing Stats

File Path                               PID    Runtime      # DAGs    # Errors  Last Runtime    Last Run               Last # of DB Queries
--------------------------------------  -----  ---------  --------  ----------  --------------  -------------------  ----------------------
/opt/airflow/dags/news_pipeline_dag.py                           1           0  0.12s           2026-04-02T06:40:19                      12
================================================================================
[2026-04-02T06:40:50.675+0000] {manager.py:821} INFO - Searching for files in /opt/airflow/dags
[2026-04-02T06:40:50.699+0000] {manager.py:824} INFO - There are 1 files in /opt/airflow/dags
[2026-04-02T06:41:17.056+0000] {manager.py:997} INFO - 
================================================================================
DAG File Processing Stats

File Path                               PID    Runtime      # DAGs    # Errors  Last Runtime    Last Run               Last # of DB Queries
--------------------------------------  -----  ---------  --------  ----------  --------------  -------------------  ----------------------
/opt/airflow/dags/news_pipeline_dag.py                           1           0  0.11s           2026-04-02T06:40:50                      12
================================================================================
[2026-04-02T06:41:48.440+0000] {manager.py:997} INFO - 
================================================================================
DAG File Processing Stats

File Path                               PID    Runtime      # DAGs    # Errors  Last Runtime    Last Run               Last # of DB Queries
--------------------------------------  -----  ---------  --------  ----------  --------------  -------------------  ----------------------
/opt/airflow/dags/news_pipeline_dag.py                           1           0  0.13s           2026-04-02T06:41:22                      12
================================================================================
[2026-04-02T06:42:19.935+0000] {manager.py:997} INFO - 
================================================================================
DAG File Processing Stats

File Path                               PID    Runtime      # DAGs    # Errors  Last Runtime    Last Run               Last # of DB Queries
--------------------------------------  -----  ---------  --------  ----------  --------------  -------------------  ----------------------
/opt/airflow/dags/news_pipeline_dag.py                           1           0  0.12s           2026-04-02T06:41:52                      12
================================================================================
[2026-04-02T06:42:51.289+0000] {manager.py:997} INFO - 
================================================================================
DAG File Processing Stats

File Path                               PID    Runtime      # DAGs    # Errors  Last Runtime    Last Run               Last # of DB Queries
--------------------------------------  -----  ---------  --------  ----------  --------------  -------------------  ----------------------
/opt/airflow/dags/news_pipeline_dag.py                           1           0  0.14s           2026-04-02T06:42:24                      12
================================================================================
[2026-04-02T06:43:23.431+0000] {manager.py:997} INFO - 
================================================================================
DAG File Processing Stats

File Path                               PID    Runtime      # DAGs    # Errors  Last Runtime    Last Run               Last # of DB Queries
--------------------------------------  -----  ---------  --------  ----------  --------------  -------------------  ----------------------
/opt/airflow/dags/news_pipeline_dag.py                           1           0  0.10s           2026-04-02T06:42:54                      12
================================================================================
[2026-04-02T06:43:54.404+0000] {manager.py:997} INFO - 
================================================================================
DAG File Processing Stats

File Path                               PID    Runtime      # DAGs    # Errors  Last Runtime    Last Run               Last # of DB Queries
--------------------------------------  -----  ---------  --------  ----------  --------------  -------------------  ----------------------
/opt/airflow/dags/news_pipeline_dag.py                           1           0  0.12s           2026-04-02T06:43:26                      12
================================================================================
[2026-04-02T06:44:25.889+0000] {manager.py:997} INFO - 
================================================================================
DAG File Processing Stats

File Path                               PID    Runtime      # DAGs    # Errors  Last Runtime    Last Run               Last # of DB Queries
--------------------------------------  -----  ---------  --------  ----------  --------------  -------------------  ----------------------
/opt/airflow/dags/news_pipeline_dag.py                           1           0  0.13s           2026-04-02T06:43:57                      12
================================================================================
[2026-04-02T06:44:57.479+0000] {manager.py:997} INFO - 
================================================================================
DAG File Processing Stats

File Path                               PID    Runtime      # DAGs    # Errors  Last Runtime    Last Run               Last # of DB Queries
--------------------------------------  -----  ---------  --------  ----------  --------------  -------------------  ----------------------
/opt/airflow/dags/news_pipeline_dag.py                           1           0  0.12s           2026-04-02T06:44:28                      12
================================================================================
[2026-04-02T06:45:29.352+0000] {manager.py:997} INFO - 
================================================================================
DAG File Processing Stats

File Path                               PID    Runtime      # DAGs    # Errors  Last Runtime    Last Run               Last # of DB Queries
--------------------------------------  -----  ---------  --------  ----------  --------------  -------------------  ----------------------
/opt/airflow/dags/news_pipeline_dag.py                           1           0  0.18s           2026-04-02T06:44:59                      12
================================================================================
[2026-04-02T06:45:51.315+0000] {manager.py:821} INFO - Searching for files in /opt/airflow/dags
[2026-04-02T06:45:51.332+0000] {manager.py:824} INFO - There are 1 files in /opt/airflow/dags
[2026-04-02T06:46:01.538+0000] {manager.py:997} INFO - 
================================================================================
DAG File Processing Stats

File Path                                 PID  Runtime      # DAGs    # Errors  Last Runtime    Last Run               Last # of DB Queries
--------------------------------------  -----  ---------  --------  ----------  --------------  -------------------  ----------------------
/opt/airflow/dags/news_pipeline_dag.py    970  0.00s             1           0  0.14s           2026-04-02T06:45:30                      12
================================================================================
[2026-04-02T06:46:33.040+0000] {manager.py:997} INFO - 
================================================================================
DAG File Processing Stats

File Path                                 PID  Runtime      # DAGs    # Errors  Last Runtime    Last Run               Last # of DB Queries
--------------------------------------  -----  ---------  --------  ----------  --------------  -------------------  ----------------------
/opt/airflow/dags/news_pipeline_dag.py    975  0.00s             1           0  0.15s           2026-04-02T06:46:01                      12
================================================================================
[2026-04-02T06:47:04.589+0000] {manager.py:997} INFO - 
================================================================================
DAG File Processing Stats

File Path                               PID    Runtime      # DAGs    # Errors  Last Runtime    Last Run               Last # of DB Queries
--------------------------------------  -----  ---------  --------  ----------  --------------  -------------------  ----------------------
/opt/airflow/dags/news_pipeline_dag.py                           1           0  0.11s           2026-04-02T06:47:03                      12
================================================================================
[2026-04-02T06:47:36.079+0000] {manager.py:997} INFO - 
================================================================================
DAG File Processing Stats

File Path                               PID    Runtime      # DAGs    # Errors  Last Runtime    Last Run               Last # of DB Queries
--------------------------------------  -----  ---------  --------  ----------  --------------  -------------------  ----------------------
/opt/airflow/dags/news_pipeline_dag.py                           1           0  0.13s           2026-04-02T06:47:35                      12
================================================================================
[2026-04-02T06:48:07.641+0000] {manager.py:997} INFO - 
================================================================================
DAG File Processing Stats

File Path                               PID    Runtime      # DAGs    # Errors  Last Runtime    Last Run               Last # of DB Queries
--------------------------------------  -----  ---------  --------  ----------  --------------  -------------------  ----------------------
/opt/airflow/dags/news_pipeline_dag.py                           1           0  0.11s           2026-04-02T06:48:06                      12
================================================================================
[2026-04-02T06:48:39.133+0000] {manager.py:997} INFO - 
================================================================================
DAG File Processing Stats

File Path                               PID    Runtime      # DAGs    # Errors  Last Runtime    Last Run               Last # of DB Queries
--------------------------------------  -----  ---------  --------  ----------  --------------  -------------------  ----------------------
/opt/airflow/dags/news_pipeline_dag.py                           1           0  0.13s           2026-04-02T06:48:37                      12
================================================================================
[2026-04-02T06:49:10.597+0000] {manager.py:997} INFO - 
================================================================================
DAG File Processing Stats

File Path                               PID    Runtime      # DAGs    # Errors  Last Runtime    Last Run               Last # of DB Queries
--------------------------------------  -----  ---------  --------  ----------  --------------  -------------------  ----------------------
/opt/airflow/dags/news_pipeline_dag.py                           1           0  0.11s           2026-04-02T06:49:08                      12
================================================================================
[2026-04-02T06:49:42.171+0000] {manager.py:997} INFO - 
================================================================================
DAG File Processing Stats

File Path                               PID    Runtime      # DAGs    # Errors  Last Runtime    Last Run               Last # of DB Queries
--------------------------------------  -----  ---------  --------  ----------  --------------  -------------------  ----------------------
/opt/airflow/dags/news_pipeline_dag.py                           1           0  0.13s           2026-04-02T06:49:39                      12
================================================================================
[2026-04-02T06:50:13.764+0000] {manager.py:997} INFO - 
================================================================================
DAG File Processing Stats

File Path                               PID    Runtime      # DAGs    # Errors  Last Runtime    Last Run               Last # of DB Queries
--------------------------------------  -----  ---------  --------  ----------  --------------  -------------------  ----------------------
/opt/airflow/dags/news_pipeline_dag.py                           1           0  0.11s           2026-04-02T06:50:10                      12
================================================================================
[2026-04-02T06:50:45.313+0000] {manager.py:997} INFO - 
================================================================================
DAG File Processing Stats

File Path                               PID    Runtime      # DAGs    # Errors  Last Runtime    Last Run               Last # of DB Queries
--------------------------------------  -----  ---------  --------  ----------  --------------  -------------------  ----------------------
/opt/airflow/dags/news_pipeline_dag.py                           1           0  0.14s           2026-04-02T06:50:42                      12
================================================================================
[2026-04-02T06:50:51.380+0000] {manager.py:821} INFO - Searching for files in /opt/airflow/dags
[2026-04-02T06:50:51.419+0000] {manager.py:824} INFO - There are 1 files in /opt/airflow/dags
[2026-04-02T06:51:16.888+0000] {manager.py:997} INFO - 
================================================================================
DAG File Processing Stats

File Path                               PID    Runtime      # DAGs    # Errors  Last Runtime    Last Run               Last # of DB Queries
--------------------------------------  -----  ---------  --------  ----------  --------------  -------------------  ----------------------
/opt/airflow/dags/news_pipeline_dag.py                           1           0  0.10s           2026-04-02T06:51:12                      12
================================================================================
[2026-04-02T06:51:48.469+0000] {manager.py:997} INFO - 
================================================================================
DAG File Processing Stats

File Path                               PID    Runtime      # DAGs    # Errors  Last Runtime    Last Run               Last # of DB Queries
--------------------------------------  -----  ---------  --------  ----------  --------------  -------------------  ----------------------
/opt/airflow/dags/news_pipeline_dag.py                           1           0  0.14s           2026-04-02T06:51:44                      12
================================================================================
[2026-04-03T13:28:02.612+0000] {manager.py:483} INFO - Processing files using up to 2 processes at a time 
[2026-04-03T13:28:02.614+0000] {manager.py:484} INFO - Process each file at most once every 30 seconds
[2026-04-03T13:28:02.614+0000] {manager.py:485} INFO - Checking for new files in /opt/airflow/dags every 300 seconds
[2026-04-03T13:28:02.615+0000] {manager.py:821} INFO - Searching for files in /opt/airflow/dags
[2026-04-03T13:28:02.694+0000] {manager.py:824} INFO - There are 1 files in /opt/airflow/dags
[2026-04-03T13:28:02.810+0000] {manager.py:997} INFO - 
================================================================================
DAG File Processing Stats

File Path                                 PID  Runtime      # DAGs    # Errors  Last Runtime    Last Run      Last # of DB Queries
--------------------------------------  -----  ---------  --------  ----------  --------------  ----------  ----------------------
/opt/airflow/dags/news_pipeline_dag.py    176  0.04s             0           0                                                   0
================================================================================
[2026-04-03T13:28:32.547+0000] {manager.py:997} INFO - 
================================================================================
DAG File Processing Stats

File Path                               PID    Runtime      # DAGs    # Errors  Last Runtime    Last Run               Last # of DB Queries
--------------------------------------  -----  ---------  --------  ----------  --------------  -------------------  ----------------------
/opt/airflow/dags/news_pipeline_dag.py                           1           0  0.19s           2026-04-03T13:28:02                      12
================================================================================
[2026-04-03T13:29:02.229+0000] {manager.py:997} INFO - 
================================================================================
DAG File Processing Stats

File Path                               PID    Runtime      # DAGs    # Errors  Last Runtime    Last Run               Last # of DB Queries
--------------------------------------  -----  ---------  --------  ----------  --------------  -------------------  ----------------------
/opt/airflow/dags/news_pipeline_dag.py                           1           0  0.16s           2026-04-03T13:28:33                      12
================================================================================
[2026-04-03T13:29:32.026+0000] {manager.py:997} INFO - 
================================================================================
DAG File Processing Stats

File Path                               PID    Runtime      # DAGs    # Errors  Last Runtime    Last Run               Last # of DB Queries
--------------------------------------  -----  ---------  --------  ----------  --------------  -------------------  ----------------------
/opt/airflow/dags/news_pipeline_dag.py                           1           0  0.16s           2026-04-03T13:29:04                      12
================================================================================
[2026-04-03T13:30:01.783+0000] {manager.py:997} INFO - 
================================================================================
DAG File Processing Stats

File Path                               PID    Runtime      # DAGs    # Errors  Last Runtime    Last Run               Last # of DB Queries
--------------------------------------  -----  ---------  --------  ----------  --------------  -------------------  ----------------------
/opt/airflow/dags/news_pipeline_dag.py                           1           0  0.12s           2026-04-03T13:29:35                      12
================================================================================
[2026-04-03T13:30:31.561+0000] {manager.py:997} INFO - 
================================================================================
DAG File Processing Stats

File Path                               PID    Runtime      # DAGs    # Errors  Last Runtime    Last Run               Last # of DB Queries
--------------------------------------  -----  ---------  --------  ----------  --------------  -------------------  ----------------------
/opt/airflow/dags/news_pipeline_dag.py                           1           0  0.15s           2026-04-03T13:30:05                      12
================================================================================
[2026-04-03T13:31:01.398+0000] {manager.py:997} INFO - 
================================================================================
DAG File Processing Stats

File Path                               PID    Runtime      # DAGs    # Errors  Last Runtime    Last Run               Last # of DB Queries
--------------------------------------  -----  ---------  --------  ----------  --------------  -------------------  ----------------------
/opt/airflow/dags/news_pipeline_dag.py                           1           0  0.13s           2026-04-03T13:30:36                      12
================================================================================
[2026-04-03T13:31:31.123+0000] {manager.py:997} INFO - 
================================================================================
DAG File Processing Stats

File Path                               PID    Runtime      # DAGs    # Errors  Last Runtime    Last Run               Last # of DB Queries
--------------------------------------  -----  ---------  --------  ----------  --------------  -------------------  ----------------------
/opt/airflow/dags/news_pipeline_dag.py                           1           0  0.14s           2026-04-03T13:31:07                      12
================================================================================
[2026-04-03T13:32:00.916+0000] {manager.py:997} INFO - 
================================================================================
DAG File Processing Stats

File Path                               PID    Runtime      # DAGs    # Errors  Last Runtime    Last Run               Last # of DB Queries
--------------------------------------  -----  ---------  --------  ----------  --------------  -------------------  ----------------------
/opt/airflow/dags/news_pipeline_dag.py                           1           0  0.16s           2026-04-03T13:31:38                      12
================================================================================
[2026-04-03T13:32:30.656+0000] {manager.py:997} INFO - 
================================================================================
DAG File Processing Stats

File Path                               PID    Runtime      # DAGs    # Errors  Last Runtime    Last Run               Last # of DB Queries
--------------------------------------  -----  ---------  --------  ----------  --------------  -------------------  ----------------------
/opt/airflow/dags/news_pipeline_dag.py                           1           0  0.15s           2026-04-03T13:32:09                      12
================================================================================
[2026-04-03T13:33:00.353+0000] {manager.py:997} INFO - 
================================================================================
DAG File Processing Stats

File Path                               PID    Runtime      # DAGs    # Errors  Last Runtime    Last Run               Last # of DB Queries
--------------------------------------  -----  ---------  --------  ----------  --------------  -------------------  ----------------------
/opt/airflow/dags/news_pipeline_dag.py                           1           0  0.15s           2026-04-03T13:32:39                      12
================================================================================
[2026-04-03T13:33:03.397+0000] {manager.py:821} INFO - Searching for files in /opt/airflow/dags
[2026-04-03T13:33:03.431+0000] {manager.py:824} INFO - There are 1 files in /opt/airflow/dags
[2026-04-03T13:33:30.050+0000] {manager.py:997} INFO - 
================================================================================
DAG File Processing Stats

File Path                               PID    Runtime      # DAGs    # Errors  Last Runtime    Last Run               Last # of DB Queries
--------------------------------------  -----  ---------  --------  ----------  --------------  -------------------  ----------------------
/opt/airflow/dags/news_pipeline_dag.py                           1           0  0.17s           2026-04-03T13:33:10                      12
================================================================================
[2026-04-03T13:33:59.891+0000] {manager.py:997} INFO - 
================================================================================
DAG File Processing Stats

File Path                               PID    Runtime      # DAGs    # Errors  Last Runtime    Last Run               Last # of DB Queries
--------------------------------------  -----  ---------  --------  ----------  --------------  -------------------  ----------------------
/opt/airflow/dags/news_pipeline_dag.py                           1           0  0.14s           2026-04-03T13:33:41                      12
================================================================================
[2026-04-03T13:34:29.563+0000] {manager.py:997} INFO - 
================================================================================
DAG File Processing Stats

File Path                               PID    Runtime      # DAGs    # Errors  Last Runtime    Last Run               Last # of DB Queries
--------------------------------------  -----  ---------  --------  ----------  --------------  -------------------  ----------------------
/opt/airflow/dags/news_pipeline_dag.py                           1           0  0.19s           2026-04-03T13:34:12                      12
================================================================================
[2026-04-03T13:34:59.207+0000] {manager.py:997} INFO - 
================================================================================
DAG File Processing Stats

File Path                               PID    Runtime      # DAGs    # Errors  Last Runtime    Last Run               Last # of DB Queries
--------------------------------------  -----  ---------  --------  ----------  --------------  -------------------  ----------------------
/opt/airflow/dags/news_pipeline_dag.py                           1           0  0.15s           2026-04-03T13:34:42                      12
================================================================================
[2026-04-03T13:35:29.024+0000] {manager.py:997} INFO - 
================================================================================
DAG File Processing Stats

File Path                               PID    Runtime      # DAGs    # Errors  Last Runtime    Last Run               Last # of DB Queries
--------------------------------------  -----  ---------  --------  ----------  --------------  -------------------  ----------------------
/opt/airflow/dags/news_pipeline_dag.py                           1           0  0.18s           2026-04-03T13:35:13                      12
================================================================================
[2026-04-03T13:35:58.799+0000] {manager.py:997} INFO - 
================================================================================
DAG File Processing Stats

File Path                               PID    Runtime      # DAGs    # Errors  Last Runtime    Last Run               Last # of DB Queries
--------------------------------------  -----  ---------  --------  ----------  --------------  -------------------  ----------------------
/opt/airflow/dags/news_pipeline_dag.py                           1           0  0.19s           2026-04-03T13:35:43                      12
================================================================================
[2026-04-03T13:36:28.556+0000] {manager.py:997} INFO - 
================================================================================
DAG File Processing Stats

File Path                               PID    Runtime      # DAGs    # Errors  Last Runtime    Last Run               Last # of DB Queries
--------------------------------------  -----  ---------  --------  ----------  --------------  -------------------  ----------------------
/opt/airflow/dags/news_pipeline_dag.py                           1           0  0.15s           2026-04-03T13:36:14                      12
================================================================================
[2026-04-03T13:36:58.204+0000] {manager.py:997} INFO - 
================================================================================
DAG File Processing Stats

File Path                               PID    Runtime      # DAGs    # Errors  Last Runtime    Last Run               Last # of DB Queries
--------------------------------------  -----  ---------  --------  ----------  --------------  -------------------  ----------------------
/opt/airflow/dags/news_pipeline_dag.py                           1           0  0.16s           2026-04-03T13:36:45                      12
================================================================================
[2026-04-03T13:37:27.999+0000] {manager.py:997} INFO - 
================================================================================
DAG File Processing Stats

File Path                               PID    Runtime      # DAGs    # Errors  Last Runtime    Last Run               Last # of DB Queries
--------------------------------------  -----  ---------  --------  ----------  --------------  -------------------  ----------------------
/opt/airflow/dags/news_pipeline_dag.py                           1           0  0.16s           2026-04-03T13:37:15                      12
================================================================================
[2026-04-03T13:37:57.610+0000] {manager.py:997} INFO - 
================================================================================
DAG File Processing Stats

File Path                               PID    Runtime      # DAGs    # Errors  Last Runtime    Last Run               Last # of DB Queries
--------------------------------------  -----  ---------  --------  ----------  --------------  -------------------  ----------------------
/opt/airflow/dags/news_pipeline_dag.py                           1           0  0.16s           2026-04-03T13:37:46                      12
================================================================================
[2026-04-03T13:38:03.661+0000] {manager.py:821} INFO - Searching for files in /opt/airflow/dags
[2026-04-03T13:38:03.709+0000] {manager.py:824} INFO - There are 1 files in /opt/airflow/dags
[2026-04-03T13:38:27.353+0000] {manager.py:997} INFO - 
================================================================================
DAG File Processing Stats

File Path                               PID    Runtime      # DAGs    # Errors  Last Runtime    Last Run               Last # of DB Queries
--------------------------------------  -----  ---------  --------  ----------  --------------  -------------------  ----------------------
/opt/airflow/dags/news_pipeline_dag.py                           1           0  0.17s           2026-04-03T13:38:17                      12
================================================================================
[2026-04-03T13:38:57.016+0000] {manager.py:997} INFO - 
================================================================================
DAG File Processing Stats

File Path                               PID    Runtime      # DAGs    # Errors  Last Runtime    Last Run               Last # of DB Queries
--------------------------------------  -----  ---------  --------  ----------  --------------  -------------------  ----------------------
/opt/airflow/dags/news_pipeline_dag.py                           1           0  0.17s           2026-04-03T13:38:47                      12
================================================================================
[2026-04-03T13:39:26.654+0000] {manager.py:997} INFO - 
================================================================================
DAG File Processing Stats

File Path                               PID    Runtime      # DAGs    # Errors  Last Runtime    Last Run               Last # of DB Queries
--------------------------------------  -----  ---------  --------  ----------  --------------  -------------------  ----------------------
/opt/airflow/dags/news_pipeline_dag.py                           1           0  0.14s           2026-04-03T13:39:18                      12
================================================================================
[2026-04-03T13:39:56.435+0000] {manager.py:997} INFO - 
================================================================================
DAG File Processing Stats

File Path                               PID    Runtime      # DAGs    # Errors  Last Runtime    Last Run               Last # of DB Queries
--------------------------------------  -----  ---------  --------  ----------  --------------  -------------------  ----------------------
/opt/airflow/dags/news_pipeline_dag.py                           1           0  0.15s           2026-04-03T13:39:49                      12
================================================================================
[2026-04-03T13:40:25.922+0000] {manager.py:997} INFO - 
================================================================================
DAG File Processing Stats

File Path                               PID    Runtime      # DAGs    # Errors  Last Runtime    Last Run               Last # of DB Queries
--------------------------------------  -----  ---------  --------  ----------  --------------  -------------------  ----------------------
/opt/airflow/dags/news_pipeline_dag.py                           1           0  0.15s           2026-04-03T13:40:19                      12
================================================================================
[2026-04-03T13:40:55.647+0000] {manager.py:997} INFO - 
================================================================================
DAG File Processing Stats

File Path                               PID    Runtime      # DAGs    # Errors  Last Runtime    Last Run               Last # of DB Queries
--------------------------------------  -----  ---------  --------  ----------  --------------  -------------------  ----------------------
/opt/airflow/dags/news_pipeline_dag.py                           1           0  0.18s           2026-04-03T13:40:50                      12
================================================================================
[2026-04-03T13:41:25.248+0000] {manager.py:997} INFO - 
================================================================================
DAG File Processing Stats

File Path                               PID    Runtime      # DAGs    # Errors  Last Runtime    Last Run               Last # of DB Queries
--------------------------------------  -----  ---------  --------  ----------  --------------  -------------------  ----------------------
/opt/airflow/dags/news_pipeline_dag.py                           1           0  0.16s           2026-04-03T13:41:21                      12
================================================================================
[2026-04-03T13:41:54.827+0000] {manager.py:997} INFO - 
================================================================================
DAG File Processing Stats

File Path                               PID    Runtime      # DAGs    # Errors  Last Runtime    Last Run               Last # of DB Queries
--------------------------------------  -----  ---------  --------  ----------  --------------  -------------------  ----------------------
/opt/airflow/dags/news_pipeline_dag.py                           1           0  0.15s           2026-04-03T13:41:51                      12
================================================================================
[2026-04-03T13:42:24.511+0000] {manager.py:997} INFO - 
================================================================================
DAG File Processing Stats

File Path                               PID    Runtime      # DAGs    # Errors  Last Runtime    Last Run               Last # of DB Queries
--------------------------------------  -----  ---------  --------  ----------  --------------  -------------------  ----------------------
/opt/airflow/dags/news_pipeline_dag.py                           1           0  0.16s           2026-04-03T13:42:22                      12
================================================================================
[2026-04-03T13:42:54.137+0000] {manager.py:997} INFO - 
================================================================================
DAG File Processing Stats

File Path                               PID    Runtime      # DAGs    # Errors  Last Runtime    Last Run               Last # of DB Queries
--------------------------------------  -----  ---------  --------  ----------  --------------  -------------------  ----------------------
/opt/airflow/dags/news_pipeline_dag.py                           1           0  0.15s           2026-04-03T13:42:53                      12
================================================================================
[2026-04-03T13:43:04.483+0000] {manager.py:821} INFO - Searching for files in /opt/airflow/dags
[2026-04-03T13:43:04.557+0000] {manager.py:824} INFO - There are 1 files in /opt/airflow/dags
[2026-04-03T13:43:23.841+0000] {manager.py:997} INFO - 
================================================================================
DAG File Processing Stats

File Path                                 PID  Runtime      # DAGs    # Errors  Last Runtime    Last Run               Last # of DB Queries
--------------------------------------  -----  ---------  --------  ----------  --------------  -------------------  ----------------------
/opt/airflow/dags/news_pipeline_dag.py   1930  0.00s             1           0  0.15s           2026-04-03T13:42:53                      12
================================================================================
[2026-04-03T13:43:53.463+0000] {manager.py:997} INFO - 
================================================================================
DAG File Processing Stats

File Path                               PID    Runtime      # DAGs    # Errors  Last Runtime    Last Run               Last # of DB Queries
--------------------------------------  -----  ---------  --------  ----------  --------------  -------------------  ----------------------
/opt/airflow/dags/news_pipeline_dag.py                           1           0  0.12s           2026-04-03T13:43:23                      12
================================================================================
[2026-04-03T13:44:23.159+0000] {manager.py:997} INFO - 
================================================================================
DAG File Processing Stats

File Path                               PID    Runtime      # DAGs    # Errors  Last Runtime    Last Run               Last # of DB Queries
--------------------------------------  -----  ---------  --------  ----------  --------------  -------------------  ----------------------
/opt/airflow/dags/news_pipeline_dag.py                           1           0  0.14s           2026-04-03T13:43:54                      12
================================================================================
[2026-04-03T13:44:52.700+0000] {manager.py:997} INFO - 
================================================================================
DAG File Processing Stats

File Path                               PID    Runtime      # DAGs    # Errors  Last Runtime    Last Run               Last # of DB Queries
--------------------------------------  -----  ---------  --------  ----------  --------------  -------------------  ----------------------
/opt/airflow/dags/news_pipeline_dag.py                           1           0  0.15s           2026-04-03T13:44:25                      12
================================================================================
[2026-04-03T13:45:22.385+0000] {manager.py:997} INFO - 
================================================================================
DAG File Processing Stats

File Path                               PID    Runtime      # DAGs    # Errors  Last Runtime    Last Run               Last # of DB Queries
--------------------------------------  -----  ---------  --------  ----------  --------------  -------------------  ----------------------
/opt/airflow/dags/news_pipeline_dag.py                           1           0  0.20s           2026-04-03T13:44:55                      12
================================================================================
[2026-04-03T13:45:51.935+0000] {manager.py:997} INFO - 
================================================================================
DAG File Processing Stats

File Path                               PID    Runtime      # DAGs    # Errors  Last Runtime    Last Run               Last # of DB Queries
--------------------------------------  -----  ---------  --------  ----------  --------------  -------------------  ----------------------
/opt/airflow/dags/news_pipeline_dag.py                           1           0  0.16s           2026-04-03T13:45:26                      12
================================================================================
[2026-04-03T13:46:21.582+0000] {manager.py:997} INFO - 
================================================================================
DAG File Processing Stats

File Path                               PID    Runtime      # DAGs    # Errors  Last Runtime    Last Run               Last # of DB Queries
--------------------------------------  -----  ---------  --------  ----------  --------------  -------------------  ----------------------
/opt/airflow/dags/news_pipeline_dag.py                           1           0  0.13s           2026-04-03T13:45:57                      12
================================================================================
[2026-04-03T13:46:51.095+0000] {manager.py:997} INFO - 
================================================================================
DAG File Processing Stats

File Path                               PID    Runtime      # DAGs    # Errors  Last Runtime    Last Run               Last # of DB Queries
--------------------------------------  -----  ---------  --------  ----------  --------------  -------------------  ----------------------
/opt/airflow/dags/news_pipeline_dag.py                           1           0  0.17s           2026-04-03T13:46:28                      12
================================================================================
[2026-04-03T13:47:20.852+0000] {manager.py:997} INFO - 
================================================================================
DAG File Processing Stats

File Path                               PID    Runtime      # DAGs    # Errors  Last Runtime    Last Run               Last # of DB Queries
--------------------------------------  -----  ---------  --------  ----------  --------------  -------------------  ----------------------
/opt/airflow/dags/news_pipeline_dag.py                           1           0  0.15s           2026-04-03T13:46:58                      12
================================================================================
[2026-04-03T13:47:50.365+0000] {manager.py:997} INFO - 
================================================================================
DAG File Processing Stats

File Path                               PID    Runtime      # DAGs    # Errors  Last Runtime    Last Run               Last # of DB Queries
--------------------------------------  -----  ---------  --------  ----------  --------------  -------------------  ----------------------
/opt/airflow/dags/news_pipeline_dag.py                           1           0  0.14s           2026-04-03T13:47:29                      12
================================================================================
[2026-04-03T13:48:04.822+0000] {manager.py:821} INFO - Searching for files in /opt/airflow/dags
[2026-04-03T13:48:04.875+0000] {manager.py:824} INFO - There are 1 files in /opt/airflow/dags
[2026-04-03T13:48:20.042+0000] {manager.py:997} INFO - 
================================================================================
DAG File Processing Stats

File Path                               PID    Runtime      # DAGs    # Errors  Last Runtime    Last Run               Last # of DB Queries
--------------------------------------  -----  ---------  --------  ----------  --------------  -------------------  ----------------------
/opt/airflow/dags/news_pipeline_dag.py                           1           0  0.12s           2026-04-03T13:47:59                      12
================================================================================
[2026-04-03T13:48:49.446+0000] {manager.py:997} INFO - 
================================================================================
DAG File Processing Stats

File Path                               PID    Runtime      # DAGs    # Errors  Last Runtime    Last Run               Last # of DB Queries
--------------------------------------  -----  ---------  --------  ----------  --------------  -------------------  ----------------------
/opt/airflow/dags/news_pipeline_dag.py                           1           0  0.15s           2026-04-03T13:48:30                      12
================================================================================
[2026-04-03T13:49:19.046+0000] {manager.py:997} INFO - 
================================================================================
DAG File Processing Stats

File Path                               PID    Runtime      # DAGs    # Errors  Last Runtime    Last Run               Last # of DB Queries
--------------------------------------  -----  ---------  --------  ----------  --------------  -------------------  ----------------------
/opt/airflow/dags/news_pipeline_dag.py                           1           0  0.16s           2026-04-03T13:49:00                      12
================================================================================
[2026-04-03T13:49:48.646+0000] {manager.py:997} INFO - 
================================================================================
DAG File Processing Stats

File Path                               PID    Runtime      # DAGs    # Errors  Last Runtime    Last Run               Last # of DB Queries
--------------------------------------  -----  ---------  --------  ----------  --------------  -------------------  ----------------------
/opt/airflow/dags/news_pipeline_dag.py                           1           0  0.15s           2026-04-03T13:49:31                      12
================================================================================
[2026-04-03T13:50:18.226+0000] {manager.py:997} INFO - 
================================================================================
DAG File Processing Stats

File Path                               PID    Runtime      # DAGs    # Errors  Last Runtime    Last Run               Last # of DB Queries
--------------------------------------  -----  ---------  --------  ----------  --------------  -------------------  ----------------------
/opt/airflow/dags/news_pipeline_dag.py                           1           0  0.15s           2026-04-03T13:50:02                      12
================================================================================
[2026-04-03T13:50:47.802+0000] {manager.py:997} INFO - 
================================================================================
DAG File Processing Stats

File Path                               PID    Runtime      # DAGs    # Errors  Last Runtime    Last Run               Last # of DB Queries
--------------------------------------  -----  ---------  --------  ----------  --------------  -------------------  ----------------------
/opt/airflow/dags/news_pipeline_dag.py                           1           0  0.15s           2026-04-03T13:50:32                      12
================================================================================
[2026-04-03T13:51:17.307+0000] {manager.py:997} INFO - 
================================================================================
DAG File Processing Stats

File Path                               PID    Runtime      # DAGs    # Errors  Last Runtime    Last Run               Last # of DB Queries
--------------------------------------  -----  ---------  --------  ----------  --------------  -------------------  ----------------------
/opt/airflow/dags/news_pipeline_dag.py                           1           0  0.16s           2026-04-03T13:51:03                      12
================================================================================
[2026-04-03T13:51:46.914+0000] {manager.py:997} INFO - 
================================================================================
DAG File Processing Stats

File Path                               PID    Runtime      # DAGs    # Errors  Last Runtime    Last Run               Last # of DB Queries
--------------------------------------  -----  ---------  --------  ----------  --------------  -------------------  ----------------------
/opt/airflow/dags/news_pipeline_dag.py                           1           0  0.15s           2026-04-03T13:51:33                      12
================================================================================
[2026-04-03T13:52:16.484+0000] {manager.py:997} INFO - 
================================================================================
DAG File Processing Stats

File Path                               PID    Runtime      # DAGs    # Errors  Last Runtime    Last Run               Last # of DB Queries
--------------------------------------  -----  ---------  --------  ----------  --------------  -------------------  ----------------------
/opt/airflow/dags/news_pipeline_dag.py                           1           0  0.15s           2026-04-03T13:52:04                      12
================================================================================
[2026-04-03T13:52:45.827+0000] {manager.py:997} INFO - 
================================================================================
DAG File Processing Stats

File Path                               PID    Runtime      # DAGs    # Errors  Last Runtime    Last Run               Last # of DB Queries
--------------------------------------  -----  ---------  --------  ----------  --------------  -------------------  ----------------------
/opt/airflow/dags/news_pipeline_dag.py                           1           0  0.15s           2026-04-03T13:52:34                      12
================================================================================
[2026-04-03T13:53:05.427+0000] {manager.py:821} INFO - Searching for files in /opt/airflow/dags
[2026-04-03T13:53:05.476+0000] {manager.py:824} INFO - There are 1 files in /opt/airflow/dags
[2026-04-03T13:53:15.450+0000] {manager.py:997} INFO - 
================================================================================
DAG File Processing Stats

File Path                               PID    Runtime      # DAGs    # Errors  Last Runtime    Last Run               Last # of DB Queries
--------------------------------------  -----  ---------  --------  ----------  --------------  -------------------  ----------------------
/opt/airflow/dags/news_pipeline_dag.py                           1           0  0.17s           2026-04-03T13:53:05                      12
================================================================================
[2026-04-03T13:53:44.572+0000] {manager.py:997} INFO - 
================================================================================
DAG File Processing Stats

File Path                               PID    Runtime      # DAGs    # Errors  Last Runtime    Last Run               Last # of DB Queries
--------------------------------------  -----  ---------  --------  ----------  --------------  -------------------  ----------------------
/opt/airflow/dags/news_pipeline_dag.py                           1           0  0.17s           2026-04-03T13:53:36                      12
================================================================================
[2026-04-03T13:54:14.207+0000] {manager.py:997} INFO - 
================================================================================
DAG File Processing Stats

File Path                               PID    Runtime      # DAGs    # Errors  Last Runtime    Last Run               Last # of DB Queries
--------------------------------------  -----  ---------  --------  ----------  --------------  -------------------  ----------------------
/opt/airflow/dags/news_pipeline_dag.py                           1           0  0.20s           2026-04-03T13:54:07                      12
================================================================================
[2026-04-03T13:54:43.928+0000] {manager.py:997} INFO - 
================================================================================
DAG File Processing Stats

File Path                               PID    Runtime      # DAGs    # Errors  Last Runtime    Last Run               Last # of DB Queries
--------------------------------------  -----  ---------  --------  ----------  --------------  -------------------  ----------------------
/opt/airflow/dags/news_pipeline_dag.py                           1           0  0.17s           2026-04-03T13:54:37                      12
================================================================================
[2026-04-03T13:55:13.529+0000] {manager.py:997} INFO - 
================================================================================
DAG File Processing Stats

File Path                               PID    Runtime      # DAGs    # Errors  Last Runtime    Last Run               Last # of DB Queries
--------------------------------------  -----  ---------  --------  ----------  --------------  -------------------  ----------------------
/opt/airflow/dags/news_pipeline_dag.py                           1           0  0.24s           2026-04-03T13:55:08                      12
================================================================================
[2026-04-03T13:55:43.012+0000] {manager.py:997} INFO - 
================================================================================
DAG File Processing Stats

File Path                               PID    Runtime      # DAGs    # Errors  Last Runtime    Last Run               Last # of DB Queries
--------------------------------------  -----  ---------  --------  ----------  --------------  -------------------  ----------------------
/opt/airflow/dags/news_pipeline_dag.py                           1           0  0.17s           2026-04-03T13:55:39                      12
================================================================================
[2026-04-03T13:56:12.781+0000] {manager.py:997} INFO - 
================================================================================
DAG File Processing Stats

File Path                               PID    Runtime      # DAGs    # Errors  Last Runtime    Last Run               Last # of DB Queries
--------------------------------------  -----  ---------  --------  ----------  --------------  -------------------  ----------------------
/opt/airflow/dags/news_pipeline_dag.py                           1           0  0.20s           2026-04-03T13:56:09                      12
================================================================================
[2026-04-03T13:56:42.374+0000] {manager.py:997} INFO - 
================================================================================
DAG File Processing Stats

File Path                               PID    Runtime      # DAGs    # Errors  Last Runtime    Last Run               Last # of DB Queries
--------------------------------------  -----  ---------  --------  ----------  --------------  -------------------  ----------------------
/opt/airflow/dags/news_pipeline_dag.py                           1           0  0.19s           2026-04-03T13:56:40                      12
================================================================================
[2026-04-03T13:57:11.909+0000] {manager.py:997} INFO - 
================================================================================
DAG File Processing Stats

File Path                               PID    Runtime      # DAGs    # Errors  Last Runtime    Last Run               Last # of DB Queries
--------------------------------------  -----  ---------  --------  ----------  --------------  -------------------  ----------------------
/opt/airflow/dags/news_pipeline_dag.py                           1           0  0.21s           2026-04-03T13:57:11                      12
================================================================================
[2026-04-03T13:57:41.322+0000] {manager.py:997} INFO - 
================================================================================
DAG File Processing Stats

File Path                                 PID  Runtime      # DAGs    # Errors  Last Runtime    Last Run               Last # of DB Queries
--------------------------------------  -----  ---------  --------  ----------  --------------  -------------------  ----------------------
/opt/airflow/dags/news_pipeline_dag.py   2273  0.00s             1           0  0.21s           2026-04-03T13:57:11                      12
================================================================================
[2026-04-03T13:58:05.767+0000] {manager.py:821} INFO - Searching for files in /opt/airflow/dags
[2026-04-03T13:58:05.805+0000] {manager.py:824} INFO - There are 1 files in /opt/airflow/dags
[2026-04-03T13:58:11.001+0000] {manager.py:997} INFO - 
================================================================================
DAG File Processing Stats

File Path                               PID    Runtime      # DAGs    # Errors  Last Runtime    Last Run               Last # of DB Queries
--------------------------------------  -----  ---------  --------  ----------  --------------  -------------------  ----------------------
/opt/airflow/dags/news_pipeline_dag.py                           1           0  0.21s           2026-04-03T13:57:41                      12
================================================================================
[2026-04-03T13:58:40.543+0000] {manager.py:997} INFO - 
================================================================================
DAG File Processing Stats

File Path                               PID    Runtime      # DAGs    # Errors  Last Runtime    Last Run               Last # of DB Queries
--------------------------------------  -----  ---------  --------  ----------  --------------  -------------------  ----------------------
/opt/airflow/dags/news_pipeline_dag.py                           1           0  0.25s           2026-04-03T13:58:12                      12
================================================================================
[2026-04-03T13:59:10.109+0000] {manager.py:997} INFO - 
================================================================================
DAG File Processing Stats

File Path                               PID    Runtime      # DAGs    # Errors  Last Runtime    Last Run               Last # of DB Queries
--------------------------------------  -----  ---------  --------  ----------  --------------  -------------------  ----------------------
/opt/airflow/dags/news_pipeline_dag.py                           1           0  0.19s           2026-04-03T13:58:42                      12
================================================================================
[2026-04-03T13:59:39.674+0000] {manager.py:997} INFO - 
================================================================================
DAG File Processing Stats

File Path                               PID    Runtime      # DAGs    # Errors  Last Runtime    Last Run               Last # of DB Queries
--------------------------------------  -----  ---------  --------  ----------  --------------  -------------------  ----------------------
/opt/airflow/dags/news_pipeline_dag.py                           1           0  0.21s           2026-04-03T13:59:13                      12
================================================================================
[2026-04-03T14:00:09.238+0000] {manager.py:997} INFO - 
================================================================================
DAG File Processing Stats

File Path                               PID    Runtime      # DAGs    # Errors  Last Runtime    Last Run               Last # of DB Queries
--------------------------------------  -----  ---------  --------  ----------  --------------  -------------------  ----------------------
/opt/airflow/dags/news_pipeline_dag.py                           1           0  0.18s           2026-04-03T13:59:43                      12
================================================================================
[2026-04-03T14:00:38.783+0000] {manager.py:997} INFO - 
================================================================================
DAG File Processing Stats

File Path                               PID    Runtime      # DAGs    # Errors  Last Runtime    Last Run               Last # of DB Queries
--------------------------------------  -----  ---------  --------  ----------  --------------  -------------------  ----------------------
/opt/airflow/dags/news_pipeline_dag.py                           1           0  0.18s           2026-04-03T14:00:14                      12
================================================================================
[2026-04-03T14:01:08.248+0000] {manager.py:997} INFO - 
================================================================================
DAG File Processing Stats

File Path                               PID    Runtime      # DAGs    # Errors  Last Runtime    Last Run               Last # of DB Queries
--------------------------------------  -----  ---------  --------  ----------  --------------  -------------------  ----------------------
/opt/airflow/dags/news_pipeline_dag.py                           1           0  0.15s           2026-04-03T14:00:45                      12
================================================================================
[2026-04-03T14:01:37.757+0000] {manager.py:997} INFO - 
================================================================================
DAG File Processing Stats

File Path                               PID    Runtime      # DAGs    # Errors  Last Runtime    Last Run               Last # of DB Queries
--------------------------------------  -----  ---------  --------  ----------  --------------  -------------------  ----------------------
/opt/airflow/dags/news_pipeline_dag.py                           1           0  0.15s           2026-04-03T14:01:15                      12
================================================================================
[2026-04-03T14:02:07.323+0000] {manager.py:997} INFO - 
================================================================================
DAG File Processing Stats

File Path                               PID    Runtime      # DAGs    # Errors  Last Runtime    Last Run               Last # of DB Queries
--------------------------------------  -----  ---------  --------  ----------  --------------  -------------------  ----------------------
/opt/airflow/dags/news_pipeline_dag.py                           1           0  0.17s           2026-04-03T14:01:46                      12
================================================================================
[2026-04-03T14:02:37.406+0000] {manager.py:997} INFO - 
================================================================================
DAG File Processing Stats

File Path                               PID    Runtime      # DAGs    # Errors  Last Runtime    Last Run               Last # of DB Queries
--------------------------------------  -----  ---------  --------  ----------  --------------  -------------------  ----------------------
/opt/airflow/dags/news_pipeline_dag.py                           1           0  0.15s           2026-04-03T14:02:16                      12
================================================================================
[2026-04-03T14:03:06.294+0000] {manager.py:821} INFO - Searching for files in /opt/airflow/dags
[2026-04-03T14:03:06.334+0000] {manager.py:824} INFO - There are 1 files in /opt/airflow/dags
[2026-04-03T14:03:06.345+0000] {manager.py:997} INFO - 
================================================================================
DAG File Processing Stats

File Path                               PID    Runtime      # DAGs    # Errors  Last Runtime    Last Run               Last # of DB Queries
--------------------------------------  -----  ---------  --------  ----------  --------------  -------------------  ----------------------
/opt/airflow/dags/news_pipeline_dag.py                           1           0  0.17s           2026-04-03T14:02:47                      12
================================================================================
[2026-04-03T14:03:35.686+0000] {manager.py:997} INFO - 
================================================================================
DAG File Processing Stats

File Path                               PID    Runtime      # DAGs    # Errors  Last Runtime    Last Run               Last # of DB Queries
--------------------------------------  -----  ---------  --------  ----------  --------------  -------------------  ----------------------
/opt/airflow/dags/news_pipeline_dag.py                           1           0  0.14s           2026-04-03T14:03:18                      12
================================================================================
[2026-04-03T14:04:05.194+0000] {manager.py:997} INFO - 
================================================================================
DAG File Processing Stats

File Path                               PID    Runtime      # DAGs    # Errors  Last Runtime    Last Run               Last # of DB Queries
--------------------------------------  -----  ---------  --------  ----------  --------------  -------------------  ----------------------
/opt/airflow/dags/news_pipeline_dag.py                           1           0  0.14s           2026-04-03T14:03:48                      12
================================================================================
[2026-04-03T14:04:34.663+0000] {manager.py:997} INFO - 
================================================================================
DAG File Processing Stats

File Path                               PID    Runtime      # DAGs    # Errors  Last Runtime    Last Run               Last # of DB Queries
--------------------------------------  -----  ---------  --------  ----------  --------------  -------------------  ----------------------
/opt/airflow/dags/news_pipeline_dag.py                           1           0  0.14s           2026-04-03T14:04:19                      12
================================================================================
[2026-04-03T14:05:04.061+0000] {manager.py:997} INFO - 
================================================================================
DAG File Processing Stats

File Path                               PID    Runtime      # DAGs    # Errors  Last Runtime    Last Run               Last # of DB Queries
--------------------------------------  -----  ---------  --------  ----------  --------------  -------------------  ----------------------
/opt/airflow/dags/news_pipeline_dag.py                           1           0  0.13s           2026-04-03T14:04:49                      12
================================================================================
[2026-04-03T14:05:33.455+0000] {manager.py:997} INFO - 
================================================================================
DAG File Processing Stats

File Path                               PID    Runtime      # DAGs    # Errors  Last Runtime    Last Run               Last # of DB Queries
--------------------------------------  -----  ---------  --------  ----------  --------------  -------------------  ----------------------
/opt/airflow/dags/news_pipeline_dag.py                           1           0  0.15s           2026-04-03T14:05:20                      12
================================================================================
[2026-04-03T14:06:02.906+0000] {manager.py:997} INFO - 
================================================================================
DAG File Processing Stats

File Path                               PID    Runtime      # DAGs    # Errors  Last Runtime    Last Run               Last # of DB Queries
--------------------------------------  -----  ---------  --------  ----------  --------------  -------------------  ----------------------
/opt/airflow/dags/news_pipeline_dag.py                           1           0  0.14s           2026-04-03T14:05:50                      12
================================================================================
[2026-04-03T14:06:32.340+0000] {manager.py:997} INFO - 
================================================================================
DAG File Processing Stats

File Path                               PID    Runtime      # DAGs    # Errors  Last Runtime    Last Run               Last # of DB Queries
--------------------------------------  -----  ---------  --------  ----------  --------------  -------------------  ----------------------
/opt/airflow/dags/news_pipeline_dag.py                           1           0  0.14s           2026-04-03T14:06:21                      12
================================================================================
[2026-04-03T14:07:01.695+0000] {manager.py:997} INFO - 
================================================================================
DAG File Processing Stats

File Path                               PID    Runtime      # DAGs    # Errors  Last Runtime    Last Run               Last # of DB Queries
--------------------------------------  -----  ---------  --------  ----------  --------------  -------------------  ----------------------
/opt/airflow/dags/news_pipeline_dag.py                           1           0  0.16s           2026-04-03T14:06:51                      12
================================================================================
[2026-04-03T14:07:31.254+0000] {manager.py:997} INFO - 
================================================================================
DAG File Processing Stats

File Path                               PID    Runtime      # DAGs    # Errors  Last Runtime    Last Run               Last # of DB Queries
--------------------------------------  -----  ---------  --------  ----------  --------------  -------------------  ----------------------
/opt/airflow/dags/news_pipeline_dag.py                           1           0  0.15s           2026-04-03T14:07:22                      12
================================================================================
[2026-04-03T14:08:00.694+0000] {manager.py:997} INFO - 
================================================================================
DAG File Processing Stats

File Path                               PID    Runtime      # DAGs    # Errors  Last Runtime    Last Run               Last # of DB Queries
--------------------------------------  -----  ---------  --------  ----------  --------------  -------------------  ----------------------
/opt/airflow/dags/news_pipeline_dag.py                           1           0  0.15s           2026-04-03T14:07:52                      12
================================================================================
[2026-04-03T14:08:06.755+0000] {manager.py:821} INFO - Searching for files in /opt/airflow/dags
[2026-04-03T14:08:06.788+0000] {manager.py:824} INFO - There are 1 files in /opt/airflow/dags
[2026-04-03T14:08:30.111+0000] {manager.py:997} INFO - 
================================================================================
DAG File Processing Stats

File Path                               PID    Runtime      # DAGs    # Errors  Last Runtime    Last Run               Last # of DB Queries
--------------------------------------  -----  ---------  --------  ----------  --------------  -------------------  ----------------------
/opt/airflow/dags/news_pipeline_dag.py                           1           0  0.16s           2026-04-03T14:08:23                      12
================================================================================
[2026-04-03T14:08:59.624+0000] {manager.py:997} INFO - 
================================================================================
DAG File Processing Stats

File Path                               PID    Runtime      # DAGs    # Errors  Last Runtime    Last Run               Last # of DB Queries
--------------------------------------  -----  ---------  --------  ----------  --------------  -------------------  ----------------------
/opt/airflow/dags/news_pipeline_dag.py                           1           0  0.20s           2026-04-03T14:08:53                      12
================================================================================
